Reference,Value,Footprint,MPN,LCSC,DNP
U1,STM32H743VIT6,Package_QFP:LQFP-100_14x14mm_P0.5mm,STM32H743VIT6,C114409,False
U2,TPS62162DSGR / 3.3V,Controller_R3:TPS62162_DSG_R3S,TPS62162DSGR,C40256,False
C1,10uF / 25V,Capacitor_SMD:C_0805_2012Metric,CL21A106KAYNNNE,C15850,False
C2,22uF / 25V,Capacitor_SMD:C_1206_3216Metric,CL31A226KAHNNNE,C12891,False
C3,100nF / 50V,Capacitor_SMD:C_0603_1608Metric,CC0603KRX7R9BB104,C14663,False
U6,TPS22918DBVR,Package_TO_SOT_SMD:SOT-23-6,TPS22918DBVR,C131941,False
C4,1uF / 50V,Capacitor_SMD:C_0603_1608Metric,CL10A105KB8NNNC,C15849,False
C5,10nF / 50V,Capacitor_SMD:C_0603_1608Metric,0603B103K500NT,C57112,False
C6,100nF / 50V,Capacitor_SMD:C_0603_1608Metric,CC0603KRX7R9BB104,C14663,False
C7,100nF / 50V,Capacitor_SMD:C_0603_1608Metric,CC0603KRX7R9BB104,C14663,False
C8,100nF / 50V,Capacitor_SMD:C_0603_1608Metric,CC0603KRX7R9BB104,C14663,False
C9,100nF / 50V,Capacitor_SMD:C_0603_1608Metric,CC0603KRX7R9BB104,C14663,False
C10,1uF / 50V,Capacitor_SMD:C_0603_1608Metric,CL10A105KB8NNNC,C15849,False
C11,100nF / 50V,Capacitor_SMD:C_0603_1608Metric,CC0603KRX7R9BB104,C14663,False
R1,10R,Resistor_SMD:R_0603_1608Metric,0603WAF100JT5E,C22859,False
U3,ICM-42688-P,Package_LGA:LGA-14_3x2.5mm_P0.5mm_LayoutBorder3x4y,ICM-42688-P,C1850418,False
R2,10R,Resistor_SMD:R_0603_1608Metric,0603WAF100JT5E,C22859,False
C12,100nF / 50V,Capacitor_SMD:C_0603_1608Metric,CC0603KRX7R9BB104,C14663,False
C13,2.2uF / 16V,Capacitor_SMD:C_0603_1608Metric,CL10A225KO8NNNC,C23630,False
C14,10nF / 50V,Capacitor_SMD:C_0603_1608Metric,0603B103K500NT,C57112,False
R3,10k,Resistor_SMD:R_0603_1608Metric,0603WAF1002T5E,C25804,False
R4,10k,Resistor_SMD:R_0603_1608Metric,0603WAF1002T5E,C25804,False
C15,100nF / 50V,Capacitor_SMD:C_0603_1608Metric,CC0603KRX7R9BB104,C14663,False
J2,TYPE-C-31-M-12,Storm32_Review:USB_C_HRO_TYPE-C-31-M-12_EdgeSilk,TYPE-C-31-M-12,C165948,False
U4,USBLC6-2SC6,Package_TO_SOT_SMD:SOT-23-6,USBLC6-2SC6,C7519,False
R5,5.1k,Resistor_SMD:R_0603_1608Metric,0603WAF5101T5E,C23186,False
R6,5.1k,Resistor_SMD:R_0603_1608Metric,0603WAF5101T5E,C23186,False
R7,0R,Controller_R3:R_0402_1005Metric_R3S_NoSilk,0402WGF0000TCE,C17168,False
R8,0R,Controller_R3:R_0402_1005Metric_R3S_NoSilk,0402WGF0000TCE,C17168,False
R9,4.7k,Resistor_SMD:R_0603_1608Metric,0603WAF4701T5E,C23162,False
R10,4.7k,Resistor_SMD:R_0603_1608Metric,0603WAF4701T5E,C23162,False
R11,10k,Resistor_SMD:R_0603_1608Metric,0603WAF1002T5E,C25804,False
R12,10k,Resistor_SMD:R_0603_1608Metric,0603WAF1002T5E,C25804,False
Q1,2N7002,Package_TO_SOT_SMD:SOT-23,2N7002,C8545,False
C16,100nF / 50V,Capacitor_SMD:C_0603_1608Metric,CC0603KRX7R9BB104,C14663,False
R13,10k,Resistor_SMD:R_0603_1608Metric,0603WAF1002T5E,C25804,False
R42,47k,Resistor_SMD:R_0603_1608Metric,0603WAF4702T5E,C25819,False
Q2,DMN2310UW-7,Controller_R3:DMN2310UW_SOT323,DMN2310UW-7,C7264627,False
R43,10k,Resistor_SMD:R_0603_1608Metric,0603WAF1002T5E,C25804,False
U8,TPS3700DDCR,Controller_R3:TSOT-23-6_R3S_ClearLabels,TPS3700DDCR,C33002,False
R44,47k,Resistor_SMD:R_0603_1608Metric,0603WAF4702T5E,C25819,False
R45,4.7k,Resistor_SMD:R_0603_1608Metric,0603WAF4701T5E,C23162,False
R46,10k,Resistor_SMD:R_0603_1608Metric,0603WAF1002T5E,C25804,False
C29,100nF / 50V,Capacitor_SMD:C_0603_1608Metric,CC0603KRX7R9BB104,C14663,False
C24,100nF / 50V,Capacitor_SMD:C_0603_1608Metric,CC0603KRX7R9BB104,C14663,False
D4,ESDA7P120-1U1M,Storm32_Review:ST_QFN-2L_1.6x1.0mm_DS14419,ESDA7P120-1U1M,C2969802,False
C25,100nF / 50V,Capacitor_SMD:C_0603_1608Metric,CC0603KRX7R9BB104,C14663,False
C26,10uF / 10V,Capacitor_SMD:C_0603_1608Metric,CL10A106KP8NNNC,C19702,False
U10,SN74LVC2G17DBVR,Package_TO_SOT_SMD:SOT-23-6,SN74LVC2G17DBVR,C10429,False
C31,100nF / 50V,Capacitor_SMD:C_0603_1608Metric,CC0603KRX7R9BB104,C14663,False
R48,10k,Resistor_SMD:R_0603_1608Metric,0603WAF1002T5E,C25804,False
R49,10k,Resistor_SMD:R_0603_1608Metric,0603WAF1002T5E,C25804,False
R50,10k,Resistor_SMD:R_0603_1608Metric,0603WAF1002T5E,C25804,False
R51,33R,Resistor_SMD:R_0603_1608Metric,0603WAF330JT5E,C23140,False
R52,33R,Resistor_SMD:R_0603_1608Metric,0603WAF330JT5E,C23140,False
L1,3.3uH / VLS3012HBX,Controller_R3:TDK_VLS3012HBX,VLS3012HBX-3R3M,C404495,False
U13,TPS2116DRLR,Package_TO_SOT_SMD:SOT-583-8,TPS2116DRLR,C3235557,False
C39,2.2uF / 16V,Capacitor_SMD:C_0603_1608Metric,CL10A225KO8NNNC,C23630,False
C40,2.2uF / 16V,Capacitor_SMD:C_0603_1608Metric,CL10A225KO8NNNC,C23630,False
C41,10uF / 25V,Capacitor_SMD:C_0805_2012Metric,CL21A106KAYNNNE,C15850,False
X1,8MHz / CL12pF,Controller_R3:TXC_A308000003_3225_2pad,A308000003,C409345,False
C34,18pF C0G / tune,Capacitor_SMD:C_0603_1608Metric,CL10C180JB8NNNC,C1647,False
C35,18pF C0G / tune,Capacitor_SMD:C_0603_1608Metric,CL10C180JB8NNNC,C1647,False
R58,0R / HSE tune,Resistor_SMD:R_0603_1608Metric,0603WAF0000T5E,C21189,False
C36,2.2uF / VCAP,Capacitor_SMD:C_0603_1608Metric,CL10A225KO8NNNC,C23630,False
C37,2.2uF / VCAP,Capacitor_SMD:C_0603_1608Metric,CL10A225KO8NNNC,C23630,False
U12,TLV803EA29DBZR,Package_TO_SOT_SMD:SOT-23,TLV803EA29DBZR,C1852114,False
C38,100nF / 50V,Capacitor_SMD:C_0603_1608Metric,CC0603KRX7R9BB104,C14663,False
U11,W25N01GVZEIG / 128MiB,Package_SON:WSON-8-1EP_8x6mm_P1.27mm_EP3.4x4.3mm,W25N01GVZEIG,C88868,False
C32,100nF / 50V,Capacitor_SMD:C_0603_1608Metric,CC0603KRX7R9BB104,C14663,False
C33,1uF / 50V,Capacitor_SMD:C_0603_1608Metric,CL10A105KB8NNNC,C15849,False
R53,10k,Resistor_SMD:R_0603_1608Metric,0603WAF1002T5E,C25804,False
R54,10k,Resistor_SMD:R_0603_1608Metric,0603WAF1002T5E,C25804,False
R55,10k,Resistor_SMD:R_0603_1608Metric,0603WAF1002T5E,C25804,False
R56,10k,Resistor_SMD:R_0603_1608Metric,0603WAF1002T5E,C25804,False
R57,33R,Resistor_SMD:R_0603_1608Metric,0603WAF330JT5E,C23140,False
J3,MOTOR / 6-wire,Controller_R3:LianXin_XDWF-0910_06P_Horizontal,XDWF-0910-06P,C7527621,False
J4,EXT SPI SENSOR,Connector_JST:JST_SH_SM08B-SRSS-TB_1x08-1MP_P1.00mm_Horizontal,SM08B-SRSS-TB(LF)(SN),C160407,False
J5,GPS / UART4,Connector_JST:JST_SH_SM04B-SRSS-TB_1x04-1MP_P1.00mm_Horizontal,SM04B-SRSS-TB(LF)(SN),C160404,False
TP1,FLASH_CS service,Controller_R3:TestPoint_Pad_D1.0mm_R3S_NoRing,PCB test point,,False
J101,G,Controller_R2:WirePad_1.6x2.0mm,PCB solder pad,,False
J102,5V,Controller_R2:WirePad_1.6x2.0mm,PCB solder pad,,False
J103,T1,Controller_R2:WirePad_1.6x2.0mm,PCB solder pad,,False
J104,R1,Controller_R2:WirePad_1.6x2.0mm,PCB solder pad,,False
J105,G,Controller_R2:WirePad_1.6x2.0mm,PCB solder pad,,False
J106,5V,Controller_R2:WirePad_1.6x2.0mm,PCB solder pad,,False
J107,T2,Controller_R2:WirePad_1.6x2.0mm,PCB solder pad,,False
J108,R2,Controller_R2:WirePad_1.6x2.0mm,PCB solder pad,,False
J109,G,Controller_R2:WirePad_1.6x2.0mm,PCB solder pad,,False
J110,5V,Controller_R2:WirePad_1.6x2.0mm,PCB solder pad,,False
J111,T3,Controller_R2:WirePad_1.6x2.0mm,PCB solder pad,,False
J112,R3,Controller_R2:WirePad_1.6x2.0mm,PCB solder pad,,False
J113,G,Controller_R2:WirePad_1.6x2.0mm,PCB solder pad,,False
J114,5V,Controller_R2:WirePad_1.6x2.0mm,PCB solder pad,,False
J115,T4,Controller_R2:WirePad_1.6x2.0mm,PCB solder pad,,False
J116,R4,Controller_R2:WirePad_1.6x2.0mm,PCB solder pad,,False
J117,G,Controller_R2:WirePad_1.6x2.0mm,PCB solder pad,,False
J118,3V3,Controller_R2:WirePad_1.6x2.0mm,PCB solder pad,,False
J119,SCL,Controller_R2:WirePad_1.6x2.0mm,PCB solder pad,,False
J120,SDA,Controller_R2:WirePad_1.6x2.0mm,PCB solder pad,,False
J121,INT,Controller_R2:WirePad_1.6x2.0mm,PCB solder pad,,False
J122,G,Controller_R2:WirePad_1.6x2.0mm,PCB solder pad,,False
J123,G,Controller_R2:WirePad_1.6x2.0mm,PCB solder pad,,False
J124,3V3,Controller_R2:WirePad_1.6x2.0mm,PCB solder pad,,False
J125,SCK,Controller_R2:WirePad_1.6x2.0mm,PCB solder pad,,False
J126,MISO,Controller_R2:WirePad_1.6x2.0mm,PCB solder pad,,False
J127,MOSI,Controller_R2:WirePad_1.6x2.0mm,PCB solder pad,,False
J128,CS,Controller_R2:WirePad_1.6x2.0mm,PCB solder pad,,False
J129,G,Controller_R2:WirePad_1.6x2.0mm,PCB solder pad,,False
J130,3V3,Controller_R2:WirePad_1.6x2.0mm,PCB solder pad,,False
J131,CAN_RX,Controller_R2:WirePad_1.6x2.0mm,PCB solder pad,,False
J132,CAN_TX,Controller_R2:WirePad_1.6x2.0mm,PCB solder pad,,False
J133,G,Controller_R2:WirePad_1.6x2.0mm,PCB solder pad,,False
J134,OUT1,Controller_R2:WirePad_1.6x2.0mm,PCB solder pad,,False
J135,OUT2,Controller_R2:WirePad_1.6x2.0mm,PCB solder pad,,False
J136,OUT3,Controller_R2:WirePad_1.6x2.0mm,PCB solder pad,,False
J137,OUT4,Controller_R2:WirePad_1.6x2.0mm,PCB solder pad,,False
J138,G,Controller_R2:WirePad_1.6x2.0mm,PCB solder pad,,False
J139,OUT5,Controller_R2:WirePad_1.6x2.0mm,PCB solder pad,,False
J140,OUT6,Controller_R2:WirePad_1.6x2.0mm,PCB solder pad,,False
J141,OUT7,Controller_R2:WirePad_1.6x2.0mm,PCB solder pad,,False
J142,OUT8,Controller_R2:WirePad_1.6x2.0mm,PCB solder pad,,False
J143,G_LINK,Controller_R2:WirePad_3.6x2.0mm,PCB solder pad,,False
J144,5V_LINK,Controller_R2:WirePad_3.6x2.0mm,PCB solder pad,,False
J145,LINK_TX,Controller_R2:WirePad_1.6x2.0mm,PCB solder pad,,False
J146,LINK_RX,Controller_R2:WirePad_1.6x2.0mm,PCB solder pad,,False
J147,RUN,Controller_R2:WirePad_1.6x2.0mm,PCB solder pad,,False
J148,M_OK,Controller_R2:WirePad_1.6x2.0mm,PCB solder pad,,False
J149,G,Controller_R2:WirePad_1.6x2.0mm,PCB solder pad,,False
J150,VTREF,Controller_R2:WirePad_1.6x2.0mm,PCB solder pad,,False
J151,SWDIO,Controller_R2:WirePad_1.6x2.0mm,PCB solder pad,,False
J152,SWCLK,Controller_R2:WirePad_1.6x2.0mm,PCB solder pad,,False
J153,NRST,Controller_R2:WirePad_1.6x2.0mm,PCB solder pad,,False
J154,BOOT,Controller_R2:WirePad_1.6x2.0mm,PCB solder pad,,False
J155,G,Controller_R2:WirePad_1.6x2.0mm,PCB solder pad,,False
J156,3V3,Controller_R2:WirePad_1.6x2.0mm,PCB solder pad,,False
J157,ADC1,Controller_R2:WirePad_1.6x2.0mm,PCB solder pad,,False
J158,ADC2,Controller_R2:WirePad_1.6x2.0mm,PCB solder pad,,False
J159,ADC3,Controller_R2:WirePad_1.6x2.0mm,PCB solder pad,,False
J160,RPM,Controller_R2:WirePad_1.6x2.0mm,PCB solder pad,,False
J161,G,Controller_R2:WirePad_1.6x2.0mm,PCB solder pad,,False
J162,3V3,Controller_R2:WirePad_1.6x2.0mm,PCB solder pad,,False
J163,LED,Controller_R2:WirePad_1.6x2.0mm,PCB solder pad,,False
J164,BUZ,Controller_R2:WirePad_1.6x2.0mm,PCB solder pad,,False
J165,PC8,Controller_R2:WirePad_1.6x2.0mm,PCB solder pad,,False
J166,PC9,Controller_R2:WirePad_1.6x2.0mm,PCB solder pad,,False
J167,PD14,Controller_R2:WirePad_1.6x2.0mm,PCB solder pad,,False
