Reference,Net,Printed label,Side,Native X mm,Native Y mm,Shared label with
J101,GND,G,Top,8.0,1.5,
J102,+5V_STACK,5V,Top,10.0,1.5,
J103,UART1_TX,T1,Top,12.0,1.5,
J104,UART1_RX,R1,Top,14.0,1.5,
J105,GND,G,Top,16.0,1.5,
J106,+5V_STACK,5V,Top,18.0,1.5,
J107,UART2_TX,T2,Top,20.0,1.5,
J108,UART2_RX,R2,Top,22.0,1.5,
J109,GND,G,Top,24.0,1.5,
J110,+5V_STACK,5V,Top,26.0,1.5,
J111,UART3_TX,T3,Top,28.0,1.5,
J112,UART3_RX,R3,Top,30.0,1.5,
J113,GND,G,Top,10.0,5.15,
J114,+5V_STACK,5V,Top,12.0,5.15,
J115,UART4_TX,T4,Top,14.05,5.15,
J116,UART4_RX,R4,Top,16.0,5.15,
J117,GND,G,Top,18.0,5.15,
J118,3V3_CORE,3V3,Top,20.0,5.15,
J119,EXT_I2C_SCL,CL,Top,22.0,5.15,
J120,EXT_I2C_SDA,DA,Top,24.0,5.15,
J121,EXT_SENSOR_INT,IN,Top,26.0,5.15,
J122,GND,G,Top,28.0,5.15,
J123,GND,G,Top,10.0,36.5,J133
J124,3V3_CORE,3V3,Top,12.0,36.5,
J125,EXT_SPI_SCK,CK,Top,14.0,36.5,
J126,EXT_SPI_MISO,MI,Top,16.0,36.5,
J127,EXT_SPI_MOSI,MO,Top,18.0,36.5,
J128,EXT_SPI_CS,CS,Top,20.0,36.5,
J129,GND,G,Top,22.0,36.5,
J130,3V3_CORE,3V3,Top,24.0,36.5,
J131,FDCAN1_RX,CR,Top,26.0,36.5,
J132,FDCAN1_TX,CT,Top,28.0,36.5,
J133,GND,G,Top,10.0,32.85,J123
J134,OUT1,1,Top,12.0,32.85,
J135,OUT2,2,Top,14.0,32.85,
J136,OUT3,3,Top,16.0,32.85,
J137,OUT4,4,Top,18.0,32.85,
J138,GND,G,Top,20.0,32.85,
J139,OUT5,5,Top,22.05,32.85,
J140,OUT6,6,Top,24.0,32.85,
J141,OUT7,7,Top,26.0,32.85,
J142,OUT8,8,Top,28.0,32.85,
J143,GND,G,Bottom,13.0,1.5,
J144,+5V_STACK,5V,Bottom,17.0,1.5,
J145,HOST_TX_LINK,TX,Bottom,20.0,1.5,
J146,MOTOR_TX_LINK,RX,Bottom,22.0,1.5,
J147,HOST_RUN_LINK,RN,Bottom,24.0,1.5,
J148,MOTOR_OK_LINK,OK,Bottom,26.0,1.5,
J149,GND,G,Bottom,8.0,36.5,
J150,3V3_CORE,VR,Bottom,10.0,36.5,
J151,SWDIO,DI,Bottom,24.0,36.5,
J152,SWCLK,CK,Bottom,26.0,36.5,
J153,NRST,RS,Bottom,28.0,36.5,
J154,BOOT0,BT,Bottom,18.0,36.5,
J155,GND,G,Bottom,20.0,36.5,
J156,3V3_CORE,3V3,Bottom,22.0,36.5,
J157,ADC1_RAW,A1,Bottom,12.0,36.5,
J158,ADC2_RAW,A2,Bottom,14.0,36.5,
J159,ADC3_RAW,A3,Bottom,16.0,36.5,
J160,RPM_IN,RM,Bottom,30.0,36.5,
J161,GND,G,Bottom,13.0,32.85,
J162,3V3_CORE,3V3,Bottom,15.0,32.85,
J163,LED_DATA,LD,Bottom,17.0,32.85,
J164,BUZZER_CTRL,BZ,Bottom,19.0,32.85,
J165,AUX_PC8,C8,Bottom,21.0,32.85,
J166,AUX_PC9,C9,Bottom,23.0,32.85,
J167,AUX_PD14,14,Bottom,25.0,32.85,
