lcsc,mpn,references,quantity_per_board,manufacturer,catalog_package,category,in_stock,available_order_quantity,minimum_order_quantity,identity_match,quantity_covers_one_board,one_board_quantity_catalog_orderable,status,observed_at_utc,source_url,evidence_method,notes
C114409,STM32H743VIT6,U1,1,STMicroelectronics,LQFP-100(14x14),Extended,3606,3342,1,True,True,True,available_live_verified,2026-10-02T20:25:50.263Z,https://jlcpcb.com/partdetail/C114409,public JLC detail-page rendered body text in cloud browser,Preserved dated observation; availability unreserved
C40256,TPS62162DSGR,U2,1,Texas Instruments,WSON-8-EP(2x2),Extended,6665,6626,1,True,True,True,available_live_verified,2026-10-02T20:26:24.706Z,https://jlcpcb.com/partdetail/C40256,public JLC detail-page rendered body text in cloud browser,Preserved dated observation; availability unreserved
C15850,CL21A106KAYNNNE,"C1,C41",2,Samsung Electro-Mechanics,0805,Basic,4951676,3742925,1,True,True,True,available_live_verified,2026-10-02T20:27:23.019Z,https://jlcpcb.com/partdetail/C15850,public JLC detail-page rendered body text in cloud browser,Preserved dated observation; availability unreserved
C12891,CL31A226KAHNNNE,C2,1,Samsung Electro-Mechanics,1206,Basic,588140,323770,1,True,True,True,available_live_verified,2026-10-02T20:27:23.103Z,https://jlcpcb.com/partdetail/C12891,public JLC detail-page rendered body text in cloud browser,Preserved dated observation; availability unreserved
C14663,CC0603KRX7R9BB104,"C3,C6,C7,C8,C9,C11,C12,C15,C16,C29,C24,C25,C31,C38,C32",15,YAGEO,0603,Basic,58141323,45621993,1,True,True,True,available_live_verified,2026-10-02T20:27:23.144Z,https://jlcpcb.com/partdetail/C14663,public JLC detail-page rendered body text in cloud browser,Preserved dated observation; availability unreserved
C131941,TPS22918DBVR,U6,1,Texas Instruments,SOT-23-6,Extended,12864,12328,1,True,True,True,available_live_verified,2026-10-02T20:27:05.005Z,https://jlcpcb.com/partdetail/C131941,public JLC detail-page rendered body text in cloud browser,Preserved dated observation; availability unreserved
C15849,CL10A105KB8NNNC,"C4,C10,C33",3,Samsung Electro-Mechanics,0603,Basic,6247486,4756464,1,True,True,True,available_live_verified,2026-10-02T20:27:23.221Z,https://jlcpcb.com/partdetail/C15849,public JLC detail-page rendered body text in cloud browser,Preserved dated observation; availability unreserved
C57112,0603B103K500NT,"C5,C14",2,FH (Guangdong Fenghua Advanced Tech),0603,Basic,6802544,5689260,1,True,True,True,available_live_verified,2026-10-02T20:27:43.558Z,https://jlcpcb.com/partdetail/C57112,public JLC detail-page rendered body text in cloud browser,Preserved dated observation; availability unreserved
C22859,0603WAF100JT5E,"R1,R2",2,UNI-ROYAL(Uniroyal Elec),0603,Basic,8036904,7249554,1,True,True,True,available_live_verified,2026-10-02T20:28:10.827Z,https://jlcpcb.com/partdetail/C22859,public JLC detail-page rendered body text in cloud browser,Preserved dated observation; availability unreserved
C1850418,ICM-42688-P,U3,1,TDK InvenSense,LGA-14(2.5x3),Extended,4650,4268,1,True,True,True,available_live_verified,2026-10-02T20:26:38.473Z,https://jlcpcb.com/partdetail/C1850418,public JLC detail-page rendered body text in cloud browser,Preserved dated observation; availability unreserved
C23630,CL10A225KO8NNNC,"C13,C39,C40,C36,C37",5,Samsung Electro-Mechanics,0603,Basic,2616956,2193908,1,True,True,True,available_live_verified,2026-10-02T20:27:43.612Z,https://jlcpcb.com/partdetail/C23630,public JLC detail-page rendered body text in cloud browser,Preserved dated observation; availability unreserved
C25804,0603WAF1002T5E,"R3,R4,R11,R12,R13,R43,R46,R48,R49,R50,R53,R54,R55,R56",14,UNI-ROYAL(Uniroyal Elec),0603,Basic,23037982,16107840,1,True,True,True,available_live_verified,2026-10-02T20:28:10.976Z,https://jlcpcb.com/partdetail/C25804,public JLC detail-page rendered body text in cloud browser,Preserved dated observation; availability unreserved
C165948,TYPE-C-31-M-12,J2,1,Korean Hroparts Elec,SMD,Extended,426143,415967,1,True,True,True,available_live_verified,2026-10-02T20:26:51.307Z,https://jlcpcb.com/partdetail/C165948,public JLC detail-page rendered body text in cloud browser,Preserved dated observation; availability unreserved
C7519,USBLC6-2SC6,U4,1,STMicroelectronics,SOT-23-6L,Extended,34759,31366,1,True,True,True,available_live_verified,2026-10-02T20:27:05.069Z,https://jlcpcb.com/partdetail/C7519,public JLC detail-page rendered body text in cloud browser,Preserved dated observation; availability unreserved
C23186,0603WAF5101T5E,"R5,R6",2,UNI-ROYAL(Uniroyal Elec),0603,Basic,25269343,24321934,1,True,True,True,available_live_verified,2026-10-02T20:29:25.951Z,https://jlcpcb.com/partdetail/C23186,public JLC detail-page rendered body text in cloud browser,Preserved dated observation; availability unreserved
C17168,0402WGF0000TCE,"R7,R8",2,UNI-ROYAL,0402,Basic,9276967,7694751,1,True,True,True,available_live_verified,2026-10-02T20:28:28.912Z,https://jlcpcb.com/partdetail/C17168,public JLC detail-page rendered body text in cloud browser,Preserved dated observation; availability unreserved
C23162,0603WAF4701T5E,"R9,R10,R45",3,UNI-ROYAL(Uniroyal Elec),0603,Basic,22447346,20092520,1,True,True,True,available_live_verified,2026-10-02T20:29:27.274Z,https://jlcpcb.com/partdetail/C23162,public JLC detail-page rendered body text in cloud browser,Preserved dated observation; availability unreserved
C8545,2N7002,Q1,1,"Jiangsu Changjing Electronics Technology Co., Ltd.",SOT-23,Basic,1623119,1502318,1,True,True,True,available_live_verified,2026-10-02T20:29:59.718Z,https://jlcpcb.com/partdetail/C8545,public JLC detail-page rendered body text in cloud browser,Preserved dated observation; availability unreserved
C25819,0603WAF4702T5E,"R42,R44",2,UNI-ROYAL(Uniroyal Elec),0603,Basic,1873230,1390792,1,True,True,True,available_live_verified,2026-10-02T20:30:02.156Z,https://jlcpcb.com/partdetail/C25819,public JLC detail-page rendered body text in cloud browser,Preserved dated observation; availability unreserved
C33002,TPS3700DDCR,U8,1,Texas Instruments,SOT-23-6,Extended,14815,14577,1,True,True,True,available_live_verified,2026-10-02T20:27:05.174Z,https://jlcpcb.com/partdetail/C33002,public JLC detail-page rendered body text in cloud browser,Preserved dated observation; availability unreserved
C2969802,ESDA7P120-1U1M,D4,1,STMicroelectronics,1610,Extended,834,469,1,True,True,True,available_live_verified,2026-10-02T20:26:51.550Z,https://jlcpcb.com/partdetail/C2969802,public JLC detail-page rendered body text in cloud browser,Preserved dated observation; availability unreserved
C19702,CL10A106KP8NNNC,C26,1,Samsung Electro-Mechanics,0603,Basic,10315650,8491826,1,True,True,True,available_live_verified,2026-10-02T20:27:43.727Z,https://jlcpcb.com/partdetail/C19702,public JLC detail-page rendered body text in cloud browser,Preserved dated observation; availability unreserved
C10429,SN74LVC2G17DBVR,U10,1,Texas Instruments,SOT-23-6,Extended,48815,47832,1,True,True,True,available_live_verified,2026-10-02T20:27:05.215Z,https://jlcpcb.com/partdetail/C10429,public JLC detail-page rendered body text in cloud browser,Preserved dated observation; availability unreserved
C23140,0603WAF330JT5E,"R51,R52,R57",3,UNI-ROYAL(Uniroyal Elec),0603,Basic,5627850,5184459,1,True,True,True,available_live_verified,2026-10-02T20:30:34.822Z,https://jlcpcb.com/partdetail/C23140,public JLC detail-page rendered body text in cloud browser,Preserved dated observation; availability unreserved
C404495,VLS3012HBX-3R3M,L1,1,TDK,"SMD,3x3mm",Extended,4557,4532,1,True,True,True,available_live_verified,2026-10-02T20:26:38.564Z,https://jlcpcb.com/partdetail/C404495,public JLC detail-page rendered body text in cloud browser,Preserved dated observation; availability unreserved
C3235557,TPS2116DRLR,U13,1,Texas Instruments,SOT-583,Extended,79374,78848,1,True,True,True,available_live_verified,2026-10-02T20:26:38.616Z,https://jlcpcb.com/partdetail/C3235557,public JLC detail-page rendered body text in cloud browser,Preserved dated observation; availability unreserved
C409345,A308000003,X1,1,TXC Corp,SMD3225-2P,Extended,826,793,1,True,True,True,available_live_verified,2026-10-02T20:26:38.660Z,https://jlcpcb.com/partdetail/C409345,public JLC detail-page rendered body text in cloud browser,Preserved dated observation; availability unreserved
C1647,CL10C180JB8NNNC,"C34,C35",2,Samsung Electro-Mechanics,0603,Basic,421754,351879,1,True,True,True,available_live_verified,2026-10-02T20:27:43.791Z,https://jlcpcb.com/partdetail/C1647,public JLC detail-page rendered body text in cloud browser,Preserved dated observation; availability unreserved
C21189,0603WAF0000T5E,R58,1,UNI-ROYAL(Uniroyal Elec),0603,Basic,23746831,21962028,1,True,True,True,available_live_verified,2026-10-02T20:30:37.204Z,https://jlcpcb.com/partdetail/C21189,public JLC detail-page rendered body text in cloud browser,Preserved dated observation; availability unreserved
C1852114,TLV803EA29DBZR,U12,1,Texas Instruments,SOT-23-3,Extended,488,472,1,True,True,True,available_live_verified,2026-10-02T20:26:24.622Z,https://jlcpcb.com/partdetail/C1852114,public JLC detail-page rendered body text in cloud browser,Preserved dated observation; availability unreserved
C88868,W25N01GVZEIG,U11,1,Winbond Elec,WSON-8-EP(6x8),Extended,3826,3732,1,True,True,True,available_live_verified,2026-10-02T20:26:24.747Z,https://jlcpcb.com/partdetail/C88868,public JLC detail-page rendered body text in cloud browser,Preserved dated observation; availability unreserved
C7527621,XDWF-0910-06P,J3,1,Lian Xin Technology,"SMD,P=1mm,Surface Mount，Right Angle",Extended,716,715,1,True,True,True,available_live_verified,2026-10-02T20:26:24.669Z,https://jlcpcb.com/partdetail/C7527621,public JLC detail-page rendered body text in cloud browser,Preserved dated observation; availability unreserved
C160407,SM08B-SRSS-TB(LF)(SN),J4,1,JST,"SMD,P=1mm,Surface Mount，Right Angle",Extended,121968,119323,1,True,True,True,available_live_verified,2026-10-02T20:26:51.478Z,https://jlcpcb.com/partdetail/C160407,public JLC detail-page rendered body text in cloud browser,Preserved dated observation; availability unreserved
C160404,SM04B-SRSS-TB(LF)(SN),J5,1,JST,"SMD,P=1mm,Surface Mount，Right Angle",Extended,35006,17527,1,True,True,True,available_live_verified,2026-10-02T20:26:51.518Z,https://jlcpcb.com/partdetail/C160404,public JLC detail-page rendered body text in cloud browser,Preserved dated observation; availability unreserved
C7264627,DMN2310UW-7,Q2,1,Diodes Incorporated,SOT-323,Extended,49,28,1,True,True,True,available_live_verified,2026-10-02T23:10:00Z,https://jlcpcb.com/partdetail/DiodesIncorporated-DMN2310UW7/C7264627,Retained read-only cloud-browser observation in hash-bound Q2 source addendum,Preserved dated observation; availability unreserved
