Comment,Designator,Footprint,LCSC Part #,Manufacturer Part Number,Quantity
0402WGF0000TCE,"R7,R8",Controller_R3:R_0402_1005Metric_R3S_NoSilk,C17168,0402WGF0000TCE,2
0603B103K500NT,"C5,C14",Capacitor_SMD:C_0603_1608Metric,C57112,0603B103K500NT,2
0603WAF0000T5E,R58,Resistor_SMD:R_0603_1608Metric,C21189,0603WAF0000T5E,1
0603WAF1002T5E,"R3,R4,R11,R12,R13,R43,R46,R48,R49,R50,R53,R54,R55,R56",Resistor_SMD:R_0603_1608Metric,C25804,0603WAF1002T5E,14
0603WAF100JT5E,"R1,R2",Resistor_SMD:R_0603_1608Metric,C22859,0603WAF100JT5E,2
0603WAF330JT5E,"R51,R52,R57",Resistor_SMD:R_0603_1608Metric,C23140,0603WAF330JT5E,3
0603WAF4701T5E,"R9,R10,R45",Resistor_SMD:R_0603_1608Metric,C23162,0603WAF4701T5E,3
0603WAF4702T5E,"R42,R44",Resistor_SMD:R_0603_1608Metric,C25819,0603WAF4702T5E,2
0603WAF5101T5E,"R5,R6",Resistor_SMD:R_0603_1608Metric,C23186,0603WAF5101T5E,2
2N7002,Q1,Package_TO_SOT_SMD:SOT-23,C8545,2N7002,1
A308000003,X1,Controller_R3:TXC_A308000003_3225_2pad,C409345,A308000003,1
CC0603KRX7R9BB104,"C3,C6,C7,C8,C9,C11,C12,C15,C16,C24,C25,C29,C31,C32,C38",Capacitor_SMD:C_0603_1608Metric,C14663,CC0603KRX7R9BB104,15
CL10A105KB8NNNC,"C4,C10,C33",Capacitor_SMD:C_0603_1608Metric,C15849,CL10A105KB8NNNC,3
CL10A106KP8NNNC,C26,Capacitor_SMD:C_0603_1608Metric,C19702,CL10A106KP8NNNC,1
CL10A225KO8NNNC,"C13,C36,C37,C39,C40",Capacitor_SMD:C_0603_1608Metric,C23630,CL10A225KO8NNNC,5
CL10C180JB8NNNC,"C34,C35",Capacitor_SMD:C_0603_1608Metric,C1647,CL10C180JB8NNNC,2
CL21A106KAYNNNE,"C1,C41",Capacitor_SMD:C_0805_2012Metric,C15850,CL21A106KAYNNNE,2
CL31A226KAHNNNE,C2,Capacitor_SMD:C_1206_3216Metric,C12891,CL31A226KAHNNNE,1
DMN2310UW-7,Q2,Controller_R3:DMN2310UW_SOT323,C7264627,DMN2310UW-7,1
ESDA7P120-1U1M,D4,Storm32_Review:ST_QFN-2L_1.6x1.0mm_DS14419,C2969802,ESDA7P120-1U1M,1
ICM-42688-P,U3,Package_LGA:LGA-14_3x2.5mm_P0.5mm_LayoutBorder3x4y,C1850418,ICM-42688-P,1
SM04B-SRSS-TB(LF)(SN),J5,Connector_JST:JST_SH_SM04B-SRSS-TB_1x04-1MP_P1.00mm_Horizontal,C160404,SM04B-SRSS-TB(LF)(SN),1
SM08B-SRSS-TB(LF)(SN),J4,Connector_JST:JST_SH_SM08B-SRSS-TB_1x08-1MP_P1.00mm_Horizontal,C160407,SM08B-SRSS-TB(LF)(SN),1
SN74LVC2G17DBVR,U10,Package_TO_SOT_SMD:SOT-23-6,C10429,SN74LVC2G17DBVR,1
STM32H743VIT6,U1,Package_QFP:LQFP-100_14x14mm_P0.5mm,C114409,STM32H743VIT6,1
TLV803EA29DBZR,U12,Package_TO_SOT_SMD:SOT-23,C1852114,TLV803EA29DBZR,1
TPS2116DRLR,U13,Package_TO_SOT_SMD:SOT-583-8,C3235557,TPS2116DRLR,1
TPS22918DBVR,U6,Package_TO_SOT_SMD:SOT-23-6,C131941,TPS22918DBVR,1
TPS3700DDCR,U8,Controller_R3:TSOT-23-6_R3S_ClearLabels,C33002,TPS3700DDCR,1
TPS62162DSGR,U2,Controller_R3:TPS62162_DSG_R3S,C40256,TPS62162DSGR,1
TYPE-C-31-M-12,J2,Storm32_Review:USB_C_HRO_TYPE-C-31-M-12_EdgeSilk,C165948,TYPE-C-31-M-12,1
USBLC6-2SC6,U4,Package_TO_SOT_SMD:SOT-23-6,C7519,USBLC6-2SC6,1
VLS3012HBX-3R3M,L1,Controller_R3:TDK_VLS3012HBX,C404495,VLS3012HBX-3R3M,1
W25N01GVZEIG,U11,Package_SON:WSON-8-1EP_8x6mm_P1.27mm_EP3.4x4.3mm,C88868,W25N01GVZEIG,1
XDWF-0910-06P,J3,Controller_R3:LianXin_XDWF-0910_06P_Horizontal,C7527621,XDWF-0910-06P,1
