D_mm,L_mm,b_mm,shape,intersection_mm2,lead_area_mm2,overlap_ratio,toe_mm,heel_mm,side_mm
7.9,0.45,0.35,rectangular,0.15750000000000006,0.1575,1.0000000000000004,0.125,0.07500000000000018,0.07500000000000001
7.9,0.45,0.35,round_inner_assumption,0.14435563750809383,0.14435563750809371,1.0000000000000007,0.125,0.07500000000000018,0.07500000000000001
7.9,0.45,0.4,rectangular,0.18000000000000008,0.18000000000000002,1.0000000000000002,0.125,0.07500000000000018,0.04999999999999999
7.9,0.45,0.4,round_inner_assumption,0.16283185307179587,0.16283185307179587,1.0,0.125,0.07500000000000018,0.04999999999999999
7.9,0.45,0.48,rectangular,0.2159995617222161,0.216,0.9999979709361857,0.125,0.07500000000000018,0.010000000000000009
7.9,0.45,0.48,round_inner_assumption,0.19127786842338595,0.19127786842338604,0.9999999999999996,0.125,0.07500000000000018,0.010000000000000009
7.9,0.5,0.35,rectangular,0.175,0.175,1.0,0.125,0.025000000000000355,0.07500000000000001
7.9,0.5,0.35,round_inner_assumption,0.16185563750809373,0.1618556375080937,1.0000000000000002,0.125,0.025000000000000355,0.07500000000000001
7.9,0.5,0.4,rectangular,0.2,0.2,1.0,0.125,0.025000000000000355,0.04999999999999999
7.9,0.5,0.4,round_inner_assumption,0.1828318530717958,0.18283185307179586,0.9999999999999997,0.125,0.025000000000000355,0.04999999999999999
7.9,0.5,0.48,rectangular,0.2383303791649798,0.24,0.9930432465207492,0.125,0.025000000000000355,0.010000000000000009
7.9,0.5,0.48,round_inner_assumption,0.21527786842338592,0.21527786842338603,0.9999999999999994,0.125,0.025000000000000355,0.010000000000000009
7.9,0.55,0.35,rectangular,0.1834081703384994,0.1925,0.9527697160441527,0.125,-0.024999999999999467,0.07500000000000001
7.9,0.55,0.35,round_inner_assumption,0.1763052818086326,0.17935563750809372,0.9829926968461002,0.125,-0.024999999999999467,0.07500000000000001
7.9,0.55,0.4,rectangular,0.2088047048248952,0.22000000000000003,0.9491122946586144,0.125,-0.024999999999999467,0.04999999999999999
7.9,0.55,0.4,round_inner_assumption,0.19956173480008693,0.20283185307179588,0.983877688724998,0.125,-0.024999999999999467,0.04999999999999999
7.9,0.55,0.48,rectangular,0.24713508398987385,0.264,0.9361177423858857,0.125,-0.024999999999999467,0.010000000000000009
7.9,0.55,0.48,round_inner_assumption,0.2356839808232771,0.23927786842338605,0.9849802757614431,0.125,-0.024999999999999467,0.010000000000000009
8,0.45,0.35,rectangular,0.15750000000000006,0.1575,1.0000000000000004,0.07500000000000018,0.125,0.07500000000000001
8,0.45,0.35,round_inner_assumption,0.14435563750809383,0.14435563750809371,1.0000000000000007,0.07500000000000018,0.125,0.07500000000000001
8,0.45,0.4,rectangular,0.18000000000000008,0.18000000000000002,1.0000000000000002,0.07500000000000018,0.125,0.04999999999999999
8,0.45,0.4,round_inner_assumption,0.16283185307179587,0.16283185307179587,1.0,0.07500000000000018,0.125,0.04999999999999999
8,0.45,0.48,rectangular,0.2159995617222161,0.216,0.9999979709361857,0.07500000000000018,0.125,0.010000000000000009
8,0.45,0.48,round_inner_assumption,0.19127743014560367,0.19127786842338604,0.9999977086853488,0.07500000000000018,0.125,0.010000000000000009
8,0.5,0.35,rectangular,0.175,0.175,1.0,0.07500000000000018,0.07500000000000018,0.07500000000000001
8,0.5,0.35,round_inner_assumption,0.16185563750809373,0.1618556375080937,1.0000000000000002,0.07500000000000018,0.07500000000000018,0.07500000000000001
8,0.5,0.4,rectangular,0.2,0.2,1.0,0.07500000000000018,0.07500000000000018,0.04999999999999999
8,0.5,0.4,round_inner_assumption,0.1828318530717958,0.18283185307179586,0.9999999999999997,0.07500000000000018,0.07500000000000018,0.04999999999999999
8,0.5,0.48,rectangular,0.23999912344443197,0.24,0.9999963476851332,0.07500000000000018,0.07500000000000018,0.010000000000000009
8,0.5,0.48,round_inner_assumption,0.21527743014560363,0.21527786842338603,0.999997964129868,0.07500000000000018,0.07500000000000018,0.010000000000000009
8,0.55,0.35,rectangular,0.19249999999999992,0.1925,0.9999999999999996,0.07500000000000018,0.025000000000000355,0.07500000000000001
8,0.55,0.35,round_inner_assumption,0.1793556375080937,0.17935563750809372,0.9999999999999999,0.07500000000000018,0.025000000000000355,0.07500000000000001
8,0.55,0.4,rectangular,0.21999999999999995,0.22000000000000003,0.9999999999999997,0.07500000000000018,0.025000000000000355,0.04999999999999999
8,0.55,0.4,round_inner_assumption,0.20283185307179574,0.20283185307179588,0.9999999999999993,0.07500000000000018,0.025000000000000355,0.04999999999999999
8,0.55,0.48,rectangular,0.26232994088719297,0.264,0.9936740185120946,0.07500000000000018,0.025000000000000355,0.010000000000000009
8,0.55,0.48,round_inner_assumption,0.23927743014560354,0.23927786842338605,0.9999981683312986,0.07500000000000018,0.025000000000000355,0.010000000000000009
8.1,0.45,0.35,rectangular,0.15750000000000006,0.1575,1.0000000000000004,0.025000000000000355,0.17499999999999982,0.07500000000000001
8.1,0.45,0.35,round_inner_assumption,0.14435563750809383,0.14435563750809371,1.0000000000000007,0.025000000000000355,0.17499999999999982,0.07500000000000001
8.1,0.45,0.4,rectangular,0.18000000000000008,0.18000000000000002,1.0000000000000002,0.025000000000000355,0.17499999999999982,0.04999999999999999
8.1,0.45,0.4,round_inner_assumption,0.16283185307179587,0.16283185307179587,1.0,0.025000000000000355,0.17499999999999982,0.04999999999999999
8.1,0.45,0.48,rectangular,0.21433037916497993,0.216,0.9922702739119441,0.025000000000000355,0.17499999999999982,0.010000000000000009
8.1,0.45,0.48,round_inner_assumption,0.1896082475882993,0.19127786842338604,0.9912712283504169,0.025000000000000355,0.17499999999999982,0.010000000000000009
8.1,0.5,0.35,rectangular,0.175,0.175,1.0,0.025000000000000355,0.125,0.07500000000000001
8.1,0.5,0.35,round_inner_assumption,0.16185563750809373,0.1618556375080937,1.0000000000000002,0.025000000000000355,0.125,0.07500000000000001
8.1,0.5,0.4,rectangular,0.2,0.2,1.0,0.025000000000000355,0.125,0.04999999999999999
8.1,0.5,0.4,round_inner_assumption,0.1828318530717958,0.18283185307179586,0.9999999999999997,0.025000000000000355,0.125,0.04999999999999999
8.1,0.5,0.48,rectangular,0.23833037916497984,0.24,0.9930432465207494,0.025000000000000355,0.125,0.010000000000000009
8.1,0.5,0.48,round_inner_assumption,0.21360824758829916,0.21527786842338603,0.9922443451929613,0.025000000000000355,0.125,0.010000000000000009
8.1,0.55,0.35,rectangular,0.19249999999999992,0.1925,0.9999999999999996,0.025000000000000355,0.07500000000000018,0.07500000000000001
8.1,0.55,0.35,round_inner_assumption,0.1793556375080937,0.17935563750809372,0.9999999999999999,0.025000000000000355,0.07500000000000018,0.07500000000000001
8.1,0.55,0.4,rectangular,0.21999999999999995,0.22000000000000003,0.9999999999999997,0.025000000000000355,0.07500000000000018,0.04999999999999999
8.1,0.55,0.4,round_inner_assumption,0.20283185307179574,0.20283185307179588,0.9999999999999993,0.025000000000000355,0.07500000000000018,0.04999999999999999
8.1,0.55,0.48,rectangular,0.26232994088719297,0.264,0.9936740185120946,0.025000000000000355,0.07500000000000018,0.010000000000000009
8.1,0.55,0.48,round_inner_assumption,0.23760824758829915,0.23927786842338605,0.9930222513010162,0.025000000000000355,0.07500000000000018,0.010000000000000009
