case,L_mm,b_mm,dx_mm,dy_mm,toe_mm,heel_mm,side_low_mm,side_high_mm,ST_rect_overlap,native_round_overlap,mask_exposed_overlap
min,0.3,0.75,0,0,0.22499999999999998,0.025000000000000022,0.025000000000000022,0.025000000000000022,1.0000000000000002,0.995604239048567,0.9948233698924142
nominal,0.35,0.8,0,0,0.20000000000000007,5.551115123125783e-17,0.0,0.0,1.0,0.9710191716195214,0.9683136605571393
max,0.4,0.85,0,0,0.17499999999999993,-0.024999999999999967,-0.024999999999999967,-0.024999999999999967,0.8823529411764708,0.8584863766278416,0.8562583086941151
max_dx+0.000_dy+0.000,0.4,0.85,0,0,0.17499999999999993,-0.024999999999999967,-0.024999999999999967,-0.024999999999999967,0.8823529411764708,0.8584863766278416,0.8562583086941151
max_dx-0.025_dy+0.000,0.4,0.85,-0.025,0,0.20000000000000007,-0.04999999999999999,-0.024999999999999967,-0.024999999999999967,0.8235294117647057,0.7996628472160766,0.7974347792823502
max_dx+0.025_dy+0.000,0.4,0.85,0.025,0,0.15000000000000002,5.551115123125783e-17,-0.024999999999999967,-0.024999999999999967,0.9411764705882353,0.9173099060396058,0.9150818381058795
max_dx+0.000_dy+0.025,0.4,0.85,0,0.025,0.17499999999999993,-0.024999999999999967,5.551115123125783e-17,-0.04999999999999999,0.8823529411764708,0.8584863766278416,0.8562583086941149
max_dx-0.025_dy+0.025,0.4,0.85,-0.025,0.025,0.20000000000000007,-0.04999999999999999,5.551115123125783e-17,-0.04999999999999999,0.8235294117647057,0.7996628472160766,0.79743477928235
max_dx-0.050_dy+0.050,0.4,0.85,-0.05,0.05,0.22499999999999998,-0.07499999999999996,0.025000000000000022,-0.07499999999999996,0.7408088235294119,0.723100777966954,0.721300539039551
max_dx+0.050_dy+0.050,0.4,0.85,0.05,0.05,0.12499999999999989,0.025000000000000078,0.025000000000000022,-0.07499999999999996,0.911764705882353,0.9045284912011617,0.9035451742382352
