net,removed,added,segment_reduction,old_length_mm,new_length_mm
+5V_STACK,148,31,117,32.85426765808692,23.02688129734929
/clock/HSE_XOUT,5,2,3,3.357842712474619,3.3224873734152918
/power/STACK_5V_DIV,22,9,13,4.810901871576774,4.621993141924173
/power/USB_CC1,13,11,2,19.634516223379467,19.64300648638388
/power/USB_CC2,4,3,1,5.34693000900063,5.311574669941304
/power/USB_SWITCH_ON,70,11,59,16.76884674508411,16.643487814809127
/power/USB_VBUS_SLEW,0,2,-2,0,0.6703427124746191
/storage/FLASH_HOLD_n,4,3,1,0.7742640687119285,0.7742640687119285
/storage/FLASH_SCLK,3,3,0,3.3414213562373094,3.3121320343559644
/storage/FLASH_WP_n,7,6,1,11.272539674441619,11.272539674441619
3V3_CORE,575,152,423,129.34424345806323,128.64987494952163
ADC1_RAW,67,25,42,32.62428909086338,31.316780032992728
ADC2_RAW,71,25,46,42.219123290559736,40.7753796025402
ADC3_RAW,30,13,17,12.405992052357226,13.272413408594536
AUX_PC8,64,22,42,22.33354645431739,22.31308637411165
AUX_PC9,24,9,15,7.959797974644666,8.109797974644666
AUX_PD14,134,30,104,55.8870384421655,43.096568242332125
BOOT0,7,2,5,1.0285533905932738,0.9931980515339465
BUZZER_CTRL,34,9,25,7.2044145345886035,6.772055860634151
EXT_I2C_SCL,66,34,32,38.23563850798539,34.55530842209548
EXT_I2C_SDA,51,22,29,26.83082156610747,25.176828996322964
EXT_SENSOR_INT,23,16,7,41.16356284979256,39.847117005622195
EXT_SPI_CS,126,62,64,62.76705584946178,63.65265270624243
EXT_SPI_MISO,148,47,101,58.63458386224037,58.74249275747778
EXT_SPI_MOSI,72,30,42,37.199548529543414,37.29152595828997
EXT_SPI_SCK,177,50,127,84.78442909685268,82.96818610456089
FDCAN1_RX,102,25,77,27.941458658052586,25.45512588187598
FDCAN1_TX,52,21,31,39.699260967536745,36.803805178903545
FLASH_CS,10,9,1,13.862392636860784,14.053204327657106
FLASH_MISO,3,2,1,2.6694911261462946,2.651345596729059
FLASH_MOSI,4,4,0,5.265685424949238,5.324264068711929
FLASH_SCLK_RAW,18,2,16,4.073306931380833,2.692766952966369
GND,152,56,96,35.110525853643445,34.08834486609961
HOST_RUN_LINK,25,4,21,8.334228708306455,7.194722215136416
HOST_RUN_RAW,20,4,16,14.680634918610405,13.001040764008565
HOST_TX_LINK,10,4,6,1.608095023078402,1.619238815542512
HOST_TX_RAW,3,5,-2,2.1535533905932738,2.436396103067893
HSE_IN,13,4,9,2.15992424049175,2.10992424049175
HSE_OUT,14,4,10,2.5642135623730953,2.464213562373095
IMU_3V3,3,2,1,2.2039213562373097,2.2625
IMU_CS,10,2,8,6.871320343559643,1.3164213562373095
IMU_INT,7,7,0,11.995549540858487,11.915559159102154
IMU_MISO,12,11,1,13.94500324509643,13.953910524340095
IMU_MOSI,7,5,2,4.929373903012666,4.6235281374238575
IMU_SCLK,15,10,5,7.243439751330898,6.7787950903902265
LED_DATA,7,2,5,1.2571067811865477,1.2571067811865477
MOTOR_OK_BUF,83,27,56,36.08673973315191,35.02900245951008
MOTOR_OK_LINK,15,9,6,26.893250352560273,26.661879502661797
MOTOR_TX_BUF,11,11,0,12.768447995247227,11.595889244992065
MOTOR_TX_LINK,18,11,7,14.263045504857903,14.36097646470558
NRST,54,25,29,68.47144110528049,68.69805069273993
OUT1,72,23,49,27.4242425620662,25.26162697096763
OUT2,42,14,28,18.302383582474537,18.19030662740799
OUT3,9,5,4,6.130634918610404,3.4841883092036783
OUT4,5,4,1,4.816295090390226,4.581980515339464
OUT5,36,23,13,15.574190103891173,16.42743866176395
OUT6,41,10,31,15.410240064363876,15.04753967444162
OUT7,27,7,20,10.89324164857679,10.619461612631596
OUT8,72,13,59,16.4918983003788,15.604645100289108
RPM_IN,65,15,50,47.41365645091027,48.08343071412118
STACK_5V_GOOD,72,28,44,40.02799587455657,37.91308800164656
SWCLK,137,29,108,44.75530735465714,44.39944390430266
SWDIO,143,33,110,47.44445874099984,47.29396462005391
UART1_RX,21,16,5,24.733516240494257,24.853996671776002
UART1_TX,19,14,5,22.534293874435562,22.199140821985
UART2_RX,31,19,12,20.879647933397987,21.158986684691875
UART2_TX,35,26,9,33.53487410349608,33.94977882766554
UART3_RX,58,37,21,39.881333361779134,38.76398323816267
UART3_TX,29,16,13,24.651156992799002,24.51784749312353
UART4_RX,35,15,20,13.629646455628167,13.571067811865476
UART4_TX,28,15,13,26.145261909359935,26.669343163533636
USB_PRESENT_n,191,56,135,92.67604762268044,92.69167441886634
USB_SOURCE_DISABLE,38,11,27,6.39960518243274,4.753858223313768
USB_VBUS,59,22,37,22.659227276540285,22.63674102444357
VDDA,28,12,16,12.850483399593905,12.650483399593904
VLOGIC_IN,37,22,15,29.253093056051583,28.848292193381337
