Designator,Mid X,Mid Y,Layer,Rotation
C1,2.000000,27.200000,Top,270.000000
C2,12.975000,28.450000,Top,0.000000
C3,10.250000,22.500000,Bottom,90.000000
C4,32.100000,11.000000,Bottom,0.000000
C5,32.100000,9.000000,Bottom,180.000000
C6,10.250000,19.250000,Bottom,90.000000
C7,10.750000,9.750000,Bottom,180.000000
C8,24.000000,9.000000,Bottom,270.000000
C9,26.500000,23.500000,Bottom,0.000000
C10,9.500000,13.500000,Bottom,180.000000
C11,12.750000,14.000000,Bottom,0.000000
C12,7.400000,6.000000,Top,0.000000
C13,10.250000,7.550000,Top,0.000000
C14,2.600000,8.500000,Top,270.000000
C15,12.300000,18.800000,Bottom,90.000000
C16,33.750000,29.000000,Top,0.000000
C24,29.400000,24.400000,Bottom,270.000000
C25,12.000000,26.000000,Bottom,90.000000
C26,23.250000,11.500000,Bottom,0.000000
C29,22.750000,25.250000,Bottom,180.000000
C31,18.800000,30.000000,Bottom,0.000000
C32,14.700000,19.800000,Bottom,180.000000
C33,15.400000,14.350000,Bottom,270.000000
C34,7.500000,20.000000,Bottom,90.000000
C35,7.250000,22.000000,Top,180.000000
C36,23.000000,7.700000,Top,0.000000
C37,27.300000,21.500000,Bottom,0.000000
C38,2.000000,23.600000,Top,90.000000
C39,30.500000,6.600000,Top,0.000000
C40,28.100000,10.500000,Bottom,180.000000
C41,27.650000,7.200000,Bottom,270.000000
D4,35.600000,11.550000,Top,0.000000
J2,33.000000,18.000000,Top,90.000000
J3,3.200000,26.550000,Bottom,90.000000
J4,3.200000,14.250000,Bottom,90.000000
J5,34.800000,27.450000,Bottom,270.000000
L1,8.575000,28.450000,Top,0.000000
Q1,34.650000,25.650000,Top,270.000000
Q2,18.750000,11.575000,Bottom,0.000000
R1,25.750000,10.500000,Bottom,90.000000
R2,3.100000,10.800000,Top,0.000000
R3,10.250000,25.750000,Bottom,90.000000
R4,12.000000,22.000000,Bottom,90.000000
R5,28.750000,27.500000,Bottom,90.000000
R6,30.500000,27.500000,Bottom,90.000000
R7,27.900000,20.000000,Top,180.000000
R8,27.900000,21.500000,Top,180.000000
R9,8.500000,27.300000,Bottom,270.000000
R10,11.000000,29.500000,Bottom,0.000000
R11,30.200000,28.500000,Top,0.000000
R12,30.500000,30.750000,Bottom,90.000000
R13,7.250000,12.000000,Top,270.000000
R42,29.500000,8.250000,Bottom,270.000000
R43,21.000000,8.700000,Bottom,0.000000
R44,26.000000,28.000000,Bottom,0.000000
R45,26.000000,26.300000,Bottom,0.000000
R46,24.000000,22.800000,Bottom,90.000000
R48,20.100000,31.700000,Bottom,0.000000
R49,24.000000,31.400000,Bottom,0.000000
R50,18.000000,24.400000,Bottom,0.000000
R51,18.900000,28.300000,Bottom,0.000000
R52,18.000000,26.600000,Bottom,0.000000
R53,16.700000,21.650000,Bottom,0.000000
R54,33.500000,18.000000,Bottom,0.000000
R55,19.800000,22.300000,Bottom,180.000000
R56,15.250000,17.450000,Bottom,90.000000
R57,28.200000,14.400000,Top,90.000000
R58,9.800000,16.500000,Bottom,180.000000
U1,18.000000,17.500000,Top,270.000000
U2,5.050000,27.200000,Top,0.000000
U3,6.900000,8.400000,Top,0.000000
U4,30.500000,25.500000,Top,90.000000
U6,32.100000,9.500000,Top,180.000000
U8,23.300000,28.750000,Top,270.000000
U10,15.000000,30.000000,Bottom,90.000000
U11,20.550000,17.625000,Bottom,0.000000
U12,2.600000,20.200000,Top,180.000000
U13,28.500000,9.200000,Top,0.000000
X1,7.100000,19.300000,Top,0.000000
