Reference,MPN,Footprint,Native rotation deg,Side,Applied correction deg,Factory placement preview
C1,CL05B104KO5NNNC,F722_Heli:C_0402_1005Metric,0.000000,bottom,0,"REQUIRED: confirm supplier-library pin-1/polarity/pickup mapping against board, both sides"
C2,CL05B104KO5NNNC,F722_Heli:C_0402_1005Metric,90.000000,bottom,0,"REQUIRED: confirm supplier-library pin-1/polarity/pickup mapping against board, both sides"
C3,CL05B104KO5NNNC,F722_Heli:C_0402_1005Metric,90.000000,bottom,0,"REQUIRED: confirm supplier-library pin-1/polarity/pickup mapping against board, both sides"
C4,CL05B104KO5NNNC,F722_Heli:C_0402_1005Metric,0.000000,bottom,0,"REQUIRED: confirm supplier-library pin-1/polarity/pickup mapping against board, both sides"
C5,CL10A475KP8NNNC,F722_Heli:C_0603_1608Metric,0.000000,bottom,0,"REQUIRED: confirm supplier-library pin-1/polarity/pickup mapping against board, both sides"
C6,CL05B104KO5NNNC,F722_Heli:C_0402_1005Metric,0.000000,bottom,0,"REQUIRED: confirm supplier-library pin-1/polarity/pickup mapping against board, both sides"
C7,GRM188Z71A475KE15D,F722_Heli:C_0603_1608Metric,180.000000,bottom,0,"REQUIRED: confirm supplier-library pin-1/polarity/pickup mapping against board, both sides"
C8,GRM155Z71A225KE44D,F722_Heli:Murata_GRM155Z71A225KE44_0402,0.000000,top,0,"REQUIRED: confirm supplier-library pin-1/polarity/pickup mapping against board, both sides"
C9,CL05B104KO5NNNC,F722_Heli:C_0402_1005Metric,180.000000,bottom,0,"REQUIRED: confirm supplier-library pin-1/polarity/pickup mapping against board, both sides"
C10,CL05B104KO5NNNC,F722_Heli:C_0402_1005Metric,0.000000,top,0,"REQUIRED: confirm supplier-library pin-1/polarity/pickup mapping against board, both sides"
C11,CL05B103KO5NNNC,F722_Heli:C_0402_1005Metric,-90.000000,top,0,"REQUIRED: confirm supplier-library pin-1/polarity/pickup mapping against board, both sides"
C12,CL05B104KO5NNNC,F722_Heli:C_0402_1005Metric,-90.000000,top,0,"REQUIRED: confirm supplier-library pin-1/polarity/pickup mapping against board, both sides"
C13,CL10B225KP8NNNC,F722_Heli:C_0603_1608Metric,0.000000,top,0,"REQUIRED: confirm supplier-library pin-1/polarity/pickup mapping against board, both sides"
C14,CL05B104KO5NNNC,F722_Heli:C_0402_1005Metric,90.000000,bottom,0,"REQUIRED: confirm supplier-library pin-1/polarity/pickup mapping against board, both sides"
C15,CL10B105KP8NNNC,F722_Heli:C_0603_1608Metric,90.000000,bottom,0,"REQUIRED: confirm supplier-library pin-1/polarity/pickup mapping against board, both sides"
C16,CL05B104KO5NNNC,F722_Heli:C_0402_1005Metric,0.000000,bottom,0,"REQUIRED: confirm supplier-library pin-1/polarity/pickup mapping against board, both sides"
C17,CL05B104KO5NNNC,F722_Heli:C_0402_1005Metric,0.000000,bottom,0,"REQUIRED: confirm supplier-library pin-1/polarity/pickup mapping against board, both sides"
C18,CL05C150JB5NNNC,F722_Heli:C_0402_1005Metric,180.000000,bottom,0,"REQUIRED: confirm supplier-library pin-1/polarity/pickup mapping against board, both sides"
C19,CL05C150JB5NNNC,F722_Heli:C_0402_1005Metric,90.000000,bottom,0,"REQUIRED: confirm supplier-library pin-1/polarity/pickup mapping against board, both sides"
C20,CL10B105KO8NNNC,F722_Heli:C_0603_1608Metric,90.000000,bottom,0,"REQUIRED: confirm supplier-library pin-1/polarity/pickup mapping against board, both sides"
C30,CL05B224KO5NNNC,F722_Heli:C_0402_1005Metric,-90.000000,top,0,"REQUIRED: confirm supplier-library pin-1/polarity/pickup mapping against board, both sides"
C31,CL05B224KO5NNNC,F722_Heli:C_0402_1005Metric,0.000000,bottom,0,"REQUIRED: confirm supplier-library pin-1/polarity/pickup mapping against board, both sides"
C50,GRM1555C1H332JE01D,F722_Heli:C_0402_1005Metric,0.000000,bottom,0,"REQUIRED: confirm supplier-library pin-1/polarity/pickup mapping against board, both sides"
C51,CL10B105KA8NNNC,F722_Heli:C_0603_1608Metric,0.000000,bottom,0,"REQUIRED: confirm supplier-library pin-1/polarity/pickup mapping against board, both sides"
C52,CL10B105KA8NNNC,F722_Heli:C_0603_1608Metric,0.000000,bottom,0,"REQUIRED: confirm supplier-library pin-1/polarity/pickup mapping against board, both sides"
C53,GRM21BR61E226ME44L,F722_Heli:C_0805_2012Metric,0.000000,bottom,0,"REQUIRED: confirm supplier-library pin-1/polarity/pickup mapping against board, both sides"
C54,GRM21BR61E226ME44L,F722_Heli:C_0805_2012Metric,180.000000,top,0,"REQUIRED: confirm supplier-library pin-1/polarity/pickup mapping against board, both sides"
C55,GRM21BR61A476ME15L,F722_Heli:C_0805_2012Metric,0.000000,top,0,"REQUIRED: confirm supplier-library pin-1/polarity/pickup mapping against board, both sides"
C56,GRM21BR61A476ME15L,F722_Heli:C_0805_2012Metric,0.000000,bottom,0,"REQUIRED: confirm supplier-library pin-1/polarity/pickup mapping against board, both sides"
C57,GRM21BR61A476ME15L,F722_Heli:C_0805_2012Metric,0.000000,bottom,0,"REQUIRED: confirm supplier-library pin-1/polarity/pickup mapping against board, both sides"
C58,CL05B104KO5NNNC,F722_Heli:C_0402_1005Metric,-90.000000,top,0,"REQUIRED: confirm supplier-library pin-1/polarity/pickup mapping against board, both sides"
C59,CL10B105KP8NNNC,F722_Heli:C_0603_1608Metric,90.000000,bottom,0,"REQUIRED: confirm supplier-library pin-1/polarity/pickup mapping against board, both sides"
C60,GRM155Z71A225KE44D,F722_Heli:Murata_GRM155Z71A225KE44_0402,-90.000000,bottom,0,"REQUIRED: confirm supplier-library pin-1/polarity/pickup mapping against board, both sides"
C61,GRM188Z71A475KE15D,F722_Heli:C_0603_1608Metric,90.000000,bottom,0,"REQUIRED: confirm supplier-library pin-1/polarity/pickup mapping against board, both sides"
C62,CL05B104KA5NNNC,F722_Heli:C_0402_1005Metric,-90.000000,bottom,0,"REQUIRED: confirm supplier-library pin-1/polarity/pickup mapping against board, both sides"
C63,CL05C102JB5NNNC,F722_Heli:C_0402_1005Metric,180.000000,bottom,0,"REQUIRED: confirm supplier-library pin-1/polarity/pickup mapping against board, both sides"
C64,CL10B105KA8NNNC,F722_Heli:C_0603_1608Metric,90.000000,top,0,"REQUIRED: confirm supplier-library pin-1/polarity/pickup mapping against board, both sides"
C65,CL10B105KP8NNNC,F722_Heli:C_0603_1608Metric,180.000000,bottom,0,"REQUIRED: confirm supplier-library pin-1/polarity/pickup mapping against board, both sides"
C66,GRM21BR61E226ME44L,F722_Heli:C_0805_2012Metric,180.000000,bottom,0,"REQUIRED: confirm supplier-library pin-1/polarity/pickup mapping against board, both sides"
C67,GRM21BZ71A226ME15L,F722_Heli:C_0805_2012Metric,180.000000,bottom,0,"REQUIRED: confirm supplier-library pin-1/polarity/pickup mapping against board, both sides"
C68,GRM188Z71A475KE15D,F722_Heli:C_0603_1608Metric,180.000000,bottom,0,"REQUIRED: confirm supplier-library pin-1/polarity/pickup mapping against board, both sides"
C69,CL10B105KP8NNNC,F722_Heli:C_0603_1608Metric,90.000000,bottom,0,"REQUIRED: confirm supplier-library pin-1/polarity/pickup mapping against board, both sides"
C70,GRM188Z71A475KE15D,F722_Heli:C_0603_1608Metric,180.000000,bottom,0,"REQUIRED: confirm supplier-library pin-1/polarity/pickup mapping against board, both sides"
C71,GRM21BR61E226ME44L,F722_Heli:C_0805_2012Metric,0.000000,top,0,"REQUIRED: confirm supplier-library pin-1/polarity/pickup mapping against board, both sides"
C72,TMK107BBJ106MA-T,F722_Heli:C_0603_1608Metric,0.000000,top,0,"REQUIRED: confirm supplier-library pin-1/polarity/pickup mapping against board, both sides"
C73,TMK107BBJ106MA-T,F722_Heli:C_0603_1608Metric,180.000000,top,0,"REQUIRED: confirm supplier-library pin-1/polarity/pickup mapping against board, both sides"
C74,CL10B105KA8NNNC,F722_Heli:C_0603_1608Metric,0.000000,top,0,"REQUIRED: confirm supplier-library pin-1/polarity/pickup mapping against board, both sides"
C75,GRM21BR61A476ME15L,F722_Heli:C_0805_2012Metric,-90.000000,top,0,"REQUIRED: confirm supplier-library pin-1/polarity/pickup mapping against board, both sides"
D1,KT-0603YG,F722_Heli:LED_0603_1608Metric,180.000000,top,0,"REQUIRED: confirm supplier-library pin-1/polarity/pickup mapping against board, both sides"
D2,KT-0603R,F722_Heli:LED_0603_1608Metric,-90.000000,top,0,"REQUIRED: confirm supplier-library pin-1/polarity/pickup mapping against board, both sides"
D3,ESD9M5.0ST5G,F722_Heli:D_SOD-923,180.000000,top,0,"REQUIRED: confirm supplier-library pin-1/polarity/pickup mapping against board, both sides"
D4,ESD9M5.0ST5G,F722_Heli:D_SOD-923,180.000000,top,0,"REQUIRED: confirm supplier-library pin-1/polarity/pickup mapping against board, both sides"
D5,ESD9M5.0ST5G,F722_Heli:D_SOD-923,90.000000,top,0,"REQUIRED: confirm supplier-library pin-1/polarity/pickup mapping against board, both sides"
D6,ESD9M5.0ST5G,F722_Heli:D_SOD-923,90.000000,top,0,"REQUIRED: confirm supplier-library pin-1/polarity/pickup mapping against board, both sides"
D7,ESD9M5.0ST5G,F722_Heli:D_SOD-923,0.000000,bottom,0,"REQUIRED: confirm supplier-library pin-1/polarity/pickup mapping against board, both sides"
D8,SMF5.0A,F722_Heli:Littelfuse_SMF_SOD123FL,0.000000,bottom,0,"REQUIRED: confirm supplier-library pin-1/polarity/pickup mapping against board, both sides"
D9,SMF15CA,F722_Heli:Littelfuse_SMF_SOD123FL,0.000000,bottom,0,"REQUIRED: confirm supplier-library pin-1/polarity/pickup mapping against board, both sides"
FB1,BLM15AG601SN1D,F722_Heli:Murata_BLM15AG_0402,90.000000,bottom,0,"REQUIRED: confirm supplier-library pin-1/polarity/pickup mapping against board, both sides"
FB2,BLM15AG601SN1D,F722_Heli:Murata_BLM15AG_0402,0.000000,top,0,"REQUIRED: confirm supplier-library pin-1/polarity/pickup mapping against board, both sides"
J1,USB4145-03-0170-C,F722_Heli:USB_C_Receptacle_GCT_USB4145-03-0170-C_16P_Vertical,90.000000,top,0,"REQUIRED: confirm supplier-library pin-1/polarity/pickup mapping against board, both sides"
J9,BM04B-GHS-TBT(LF)(SN),F722_Heli:JST_GH_BM04B-GHS-TBT_1x04-1MP_P1.25mm_Vertical,0.000000,top,0,"REQUIRED: confirm supplier-library pin-1/polarity/pickup mapping against board, both sides"
J10,BM04B-GHS-TBT(LF)(SN),F722_Heli:JST_GH_BM04B-GHS-TBT_1x04-1MP_P1.25mm_Vertical,0.000000,top,0,"REQUIRED: confirm supplier-library pin-1/polarity/pickup mapping against board, both sides"
J11,BM04B-GHS-TBT(LF)(SN),F722_Heli:JST_GH_BM04B-GHS-TBT_1x04-1MP_P1.25mm_Vertical,180.000000,top,0,"REQUIRED: confirm supplier-library pin-1/polarity/pickup mapping against board, both sides"
J12,B3B-ZR-SM4-TF(LF)(SN),F722_Heli:JST_ZH_B3B-ZR-SM4-TF_1x03-1MP_P1.50mm_Vertical,180.000000,top,0,"REQUIRED: confirm supplier-library pin-1/polarity/pickup mapping against board, both sides"
L1,XGL4020-152MEC,F722_Heli:Coilcraft_XGL4020,-90.000000,top,0,"REQUIRED: confirm supplier-library pin-1/polarity/pickup mapping against board, both sides"
L2,DFE322512F-3R3M=P2,F722_Heli:Murata_DFE322512F,0.000000,bottom,0,"REQUIRED: confirm supplier-library pin-1/polarity/pickup mapping against board, both sides"
Q1,BSS138LT1G,F722_Heli:SOT-23,90.000000,bottom,0,"REQUIRED: confirm supplier-library pin-1/polarity/pickup mapping against board, both sides"
Q2,BSS138LT1G,F722_Heli:SOT-23,0.000000,bottom,0,"REQUIRED: confirm supplier-library pin-1/polarity/pickup mapping against board, both sides"
R1,0402WGF1002TCE,F722_Heli:R_0402_1005Metric,0.000000,top,0,"REQUIRED: confirm supplier-library pin-1/polarity/pickup mapping against board, both sides"
R2,0402WGF2201TCE,F722_Heli:R_0402_1005Metric,180.000000,top,0,"REQUIRED: confirm supplier-library pin-1/polarity/pickup mapping against board, both sides"
R3,0402WGF1002TCE,F722_Heli:R_0402_1005Metric,0.000000,top,0,"REQUIRED: confirm supplier-library pin-1/polarity/pickup mapping against board, both sides"
R4,0402WGF1002TCE,F722_Heli:R_0402_1005Metric,0.000000,bottom,0,"REQUIRED: confirm supplier-library pin-1/polarity/pickup mapping against board, both sides"
R5,0402WGF1002TCE,F722_Heli:R_0402_1005Metric_R5_ClearPin1Silk,90.000000,bottom,0,"REQUIRED: confirm supplier-library pin-1/polarity/pickup mapping against board, both sides"
R6,0402WGF1002TCE,F722_Heli:R_0402_1005Metric,90.000000,bottom,0,"REQUIRED: confirm supplier-library pin-1/polarity/pickup mapping against board, both sides"
R7,0402WGF4701TCE,F722_Heli:R_0402_1005Metric,0.000000,bottom,0,"REQUIRED: confirm supplier-library pin-1/polarity/pickup mapping against board, both sides"
R8,0402WGF4701TCE,F722_Heli:R_0402_1005Metric,-90.000000,bottom,0,"REQUIRED: confirm supplier-library pin-1/polarity/pickup mapping against board, both sides"
R9,0402WGF0000TCE,F722_Heli:R_0402_1005Metric,90.000000,bottom,0,"REQUIRED: confirm supplier-library pin-1/polarity/pickup mapping against board, both sides"
R10,0402WGF2201TCE,F722_Heli:R_0402_1005Metric,0.000000,top,0,"REQUIRED: confirm supplier-library pin-1/polarity/pickup mapping against board, both sides"
R11,0402WGF2201TCE,F722_Heli:R_0402_1005Metric,90.000000,top,0,"REQUIRED: confirm supplier-library pin-1/polarity/pickup mapping against board, both sides"
R14,0402WGF5101TCE,F722_Heli:R_0402_1005Metric,90.000000,top,0,"REQUIRED: confirm supplier-library pin-1/polarity/pickup mapping against board, both sides"
R15,0402WGF5101TCE,F722_Heli:R_0402_1005Metric,-90.000000,top,0,"REQUIRED: confirm supplier-library pin-1/polarity/pickup mapping against board, both sides"
R16,ERJ3RSFR12V,F722_Heli:R_Panasonic_ERJ3R_0603,90.000000,bottom,0,"REQUIRED: confirm supplier-library pin-1/polarity/pickup mapping against board, both sides"
R20,ERJPA2F4700X,F722_Heli:Panasonic_ERJPA2_0402,180.000000,bottom,0,"REQUIRED: confirm supplier-library pin-1/polarity/pickup mapping against board, both sides"
R21,ERJPA2F4700X,F722_Heli:Panasonic_ERJPA2_0402,-90.000000,bottom,0,"REQUIRED: confirm supplier-library pin-1/polarity/pickup mapping against board, both sides"
R22,ERJPA2F4700X,F722_Heli:Panasonic_ERJPA2_0402,90.000000,bottom,0,"REQUIRED: confirm supplier-library pin-1/polarity/pickup mapping against board, both sides"
R23,ERJPA2F4700X,F722_Heli:Panasonic_ERJPA2_0402,0.000000,bottom,0,"REQUIRED: confirm supplier-library pin-1/polarity/pickup mapping against board, both sides"
R24,ERJPA2F4700X,F722_Heli:Panasonic_ERJPA2_0402,0.000000,bottom,0,"REQUIRED: confirm supplier-library pin-1/polarity/pickup mapping against board, both sides"
R25,ERJPA2F4700X,F722_Heli:Panasonic_ERJPA2_0402,0.000000,top,0,"REQUIRED: confirm supplier-library pin-1/polarity/pickup mapping against board, both sides"
R26,ERJPA2F4700X,F722_Heli:Panasonic_ERJPA2_0402,90.000000,top,0,"REQUIRED: confirm supplier-library pin-1/polarity/pickup mapping against board, both sides"
R30,0402WGF220JTCE,F722_Heli:R_0402_1005Metric,180.000000,bottom,0,"REQUIRED: confirm supplier-library pin-1/polarity/pickup mapping against board, both sides"
R31,AC0201FR-0722RL,F722_YAGEO:R_0201_0603Metric_YAGEO_AC,180.000000,top,0,"REQUIRED: confirm supplier-library pin-1/polarity/pickup mapping against board, both sides"
R32,0402WGF220JTCE,F722_Heli:R_0402_1005Metric,0.000000,top,0,"REQUIRED: confirm supplier-library pin-1/polarity/pickup mapping against board, both sides"
R33,0402WGF220JTCE,F722_Heli:R_0402_1005Metric,0.000000,bottom,0,"REQUIRED: confirm supplier-library pin-1/polarity/pickup mapping against board, both sides"
R34,0402WGF220JTCE,F722_Heli:R_0402_1005Metric,90.000000,bottom,0,"REQUIRED: confirm supplier-library pin-1/polarity/pickup mapping against board, both sides"
R35,0402WGF220JTCE,F722_Heli:R_0402_1005Metric,180.000000,bottom,0,"REQUIRED: confirm supplier-library pin-1/polarity/pickup mapping against board, both sides"
R36,0402WGF4701TCE,F722_Heli:R_0402_1005Metric,180.000000,top,0,"REQUIRED: confirm supplier-library pin-1/polarity/pickup mapping against board, both sides"
R37,0402WGF4701TCE,F722_Heli:R_0402_1005Metric,0.000000,bottom,0,"REQUIRED: confirm supplier-library pin-1/polarity/pickup mapping against board, both sides"
R38,0402WGF220JTCE,F722_Heli:R_0402_1005Metric,-90.000000,bottom,0,"REQUIRED: confirm supplier-library pin-1/polarity/pickup mapping against board, both sides"
R39,0402WGF2200TCE,F722_Heli:R_0402_1005Metric,0.000000,bottom,0,"REQUIRED: confirm supplier-library pin-1/polarity/pickup mapping against board, both sides"
R40,ARG02BTC1053,F722_Heli:R_0402_1005Metric,90.000000,top,0,"REQUIRED: confirm supplier-library pin-1/polarity/pickup mapping against board, both sides"
R41,RT0402BRD0720KL,F722_Heli:R_0402_1005Metric,-90.000000,top,0,"REQUIRED: confirm supplier-library pin-1/polarity/pickup mapping against board, both sides"
R42,ARG02BTC6802,F722_Heli:R_0402_1005Metric,-90.000000,top,0,"REQUIRED: confirm supplier-library pin-1/polarity/pickup mapping against board, both sides"
R43,RT0402BRD0716KL,F722_Heli:R_0402_1005Metric,-90.000000,top,0,"REQUIRED: confirm supplier-library pin-1/polarity/pickup mapping against board, both sides"
R44,RT0402BRD0716KL,F722_Heli:R_0402_1005Metric,-90.000000,top,0,"REQUIRED: confirm supplier-library pin-1/polarity/pickup mapping against board, both sides"
R45,0402WGF2200TCE,F722_Heli:R_0402_1005Metric,0.000000,bottom,0,"REQUIRED: confirm supplier-library pin-1/polarity/pickup mapping against board, both sides"
R50,0402WGF1504TCE,F722_Heli:R_0402_1005Metric,0.000000,bottom,0,"REQUIRED: confirm supplier-library pin-1/polarity/pickup mapping against board, both sides"
R51,0402WGF3903TCE,F722_Heli:R_0402_1005Metric,180.000000,bottom,0,"REQUIRED: confirm supplier-library pin-1/polarity/pickup mapping against board, both sides"
R52,0402WGF7500TCE,F722_Heli:R_0402_1005Metric,90.000000,top,0,"REQUIRED: confirm supplier-library pin-1/polarity/pickup mapping against board, both sides"
R53,ERJPA2F4701X,F722_Heli:Panasonic_ERJPA2_0402,180.000000,bottom,0,"REQUIRED: confirm supplier-library pin-1/polarity/pickup mapping against board, both sides"
R54,RT0402BRD0753K6L,F722_Heli:R_0402_1005Metric,0.000000,top,0,"REQUIRED: confirm supplier-library pin-1/polarity/pickup mapping against board, both sides"
R55,RT0402BRD0710KL,F722_Heli:R_0402_1005Metric,0.000000,top,0,"REQUIRED: confirm supplier-library pin-1/polarity/pickup mapping against board, both sides"
R56,0402WGF1003TCE,F722_Heli:R_0402_1005Metric,-165.000000,bottom,0,"REQUIRED: confirm supplier-library pin-1/polarity/pickup mapping against board, both sides"
R57,0402WGF1003TCE,F722_Heli:R_0402_1005Metric,0.000000,bottom,0,"REQUIRED: confirm supplier-library pin-1/polarity/pickup mapping against board, both sides"
R58,0402WGF4702TCE,F722_Heli:R_0402_1005Metric,90.000000,bottom,0,"REQUIRED: confirm supplier-library pin-1/polarity/pickup mapping against board, both sides"
R60,RT0402BRD0718KL,F722_Heli:R_0402_1005Metric,0.000000,bottom,0,"REQUIRED: confirm supplier-library pin-1/polarity/pickup mapping against board, both sides"
R61,RT0402BRD0710KL,F722_Heli:R_0402_1005Metric,0.000000,bottom,0,"REQUIRED: confirm supplier-library pin-1/polarity/pickup mapping against board, both sides"
R62,RT0402BRD0712K7L,F722_Heli:R_0402_1005Metric,0.000000,top,0,"REQUIRED: confirm supplier-library pin-1/polarity/pickup mapping against board, both sides"
R63,RT0402BRD0710KL,F722_Heli:R_0402_1005Metric,180.000000,top,0,"REQUIRED: confirm supplier-library pin-1/polarity/pickup mapping against board, both sides"
R64,0402WGF1002TCE,F722_Heli:R_0402_1005Metric,0.000000,bottom,0,"REQUIRED: confirm supplier-library pin-1/polarity/pickup mapping against board, both sides"
R65,0402WGF3303TCE,F722_Heli:R_0402_1005Metric,0.000000,top,0,"REQUIRED: confirm supplier-library pin-1/polarity/pickup mapping against board, both sides"
R66,0402WGF8062TCE,F722_Heli:R_0402_1005Metric,0.000000,bottom,0,"REQUIRED: confirm supplier-library pin-1/polarity/pickup mapping against board, both sides"
R67,0402WGF6652TCE,F722_Heli:R_0402_1005Metric,180.000000,bottom,0,"REQUIRED: confirm supplier-library pin-1/polarity/pickup mapping against board, both sides"
R68,0402WGF1001TCE,F722_Heli:R_0402_1005Metric,0.000000,top,0,"REQUIRED: confirm supplier-library pin-1/polarity/pickup mapping against board, both sides"
R69,0402WGF1002TCE,F722_Heli:R_0402_1005Metric,0.000000,bottom,0,"REQUIRED: confirm supplier-library pin-1/polarity/pickup mapping against board, both sides"
R70,0402WGF4532TCE,F722_Heli:R_0402_1005Metric,180.000000,bottom,0,"REQUIRED: confirm supplier-library pin-1/polarity/pickup mapping against board, both sides"
R71,0402WGF1003TCE,F722_Heli:R_0402_1005Metric,0.000000,bottom,0,"REQUIRED: confirm supplier-library pin-1/polarity/pickup mapping against board, both sides"
SW1,KMT031NGJLHS,F722_Heli:CK_KMT031NGJLHS,0.000000,bottom,0,"REQUIRED: confirm supplier-library pin-1/polarity/pickup mapping against board, both sides"
U1,STM32F722RET6,F722_Heli:LQFP-64_10x10mm_P0.5mm,0.000000,bottom,0,"REQUIRED: confirm supplier-library pin-1/polarity/pickup mapping against board, both sides"
U2,ICM-42688-P,F722_Heli:LGA-14_3x2.5mm_P0.5mm_LayoutBorder3x4y,0.000000,top,0,"REQUIRED: confirm supplier-library pin-1/polarity/pickup mapping against board, both sides"
U3,W25N01GVZEIG,F722_Heli:WSON-8-1EP_8x6mm_P1.27mm_EP3.4x4.3mm,0.000000,bottom,0,"REQUIRED: confirm supplier-library pin-1/polarity/pickup mapping against board, both sides"
U4,DPS368XTSA1,F722_Heli:Infineon_DPS368_VLGA-8_2.5x2mm_SMD,90.000000,bottom,0,"REQUIRED: confirm supplier-library pin-1/polarity/pickup mapping against board, both sides"
U5,TPS259472ARPWR,F722_Heli:Texas_RPW0010A_TPS259472_2x2mm,0.000000,top,0,"REQUIRED: confirm supplier-library pin-1/polarity/pickup mapping against board, both sides"
U6,TPS63070RNMR,F722_Heli:Texas_RNM0015A_TPS63070_2.5x3mm,180.000000,top,0,"REQUIRED: confirm supplier-library pin-1/polarity/pickup mapping against board, both sides"
U7,TPS2117DRLR,F722_Heli:SOT-583-8,180.000000,bottom,0,"REQUIRED: confirm supplier-library pin-1/polarity/pickup mapping against board, both sides"
U8,TPS2121RUXR,F722_Heli:Texas_RUX0012A_TPS2121_2x2.5mm,0.000000,bottom,0,"REQUIRED: confirm supplier-library pin-1/polarity/pickup mapping against board, both sides"
U9,TPS62162DSGR,F722_Heli:Texas_DSG0008A_TPS62162_2x2mm_EP0.9x1.6mm,0.000000,bottom,0,"REQUIRED: confirm supplier-library pin-1/polarity/pickup mapping against board, both sides"
U10,TPS2553DRVR,F722_Heli:Texas_DRV0006A_TPS2553_2x2mm_EP1x1.6mm,180.000000,bottom,0,"REQUIRED: confirm supplier-library pin-1/polarity/pickup mapping against board, both sides"
U11,TPS2553DRVR,F722_Heli:Texas_DRV0006A_TPS2553_2x2mm_EP1x1.6mm,0.000000,bottom,0,"REQUIRED: confirm supplier-library pin-1/polarity/pickup mapping against board, both sides"
U12,USBLC6-4SC6,F722_Heli:SOT-23-6,180.000000,top,0,"REQUIRED: confirm supplier-library pin-1/polarity/pickup mapping against board, both sides"
U13,USBLC6-4SC6,F722_Heli:SOT-23-6,0.000000,bottom,0,"REQUIRED: confirm supplier-library pin-1/polarity/pickup mapping against board, both sides"
U14,TPD4E05U06DQAR,F722_Heli:Texas_DQA0010B_TPD4E05U06_2.5x1mm,90.000000,top,0,"REQUIRED: confirm supplier-library pin-1/polarity/pickup mapping against board, both sides"
U15,TPD4E05U06DQAR,F722_Heli:Texas_DQA0010B_TPD4E05U06_2.5x1mm,180.000000,top,0,"REQUIRED: confirm supplier-library pin-1/polarity/pickup mapping against board, both sides"
U16,"PESD15VS2UT,215",F722_Heli:SOT-23,90.000000,top,0,"REQUIRED: confirm supplier-library pin-1/polarity/pickup mapping against board, both sides"
Y1,TAXM8M4RDBCCT2T,F722_Heli:Crystal_SMD_3225-4Pin_3.2x2.5mm,90.000000,bottom,0,"REQUIRED: confirm supplier-library pin-1/polarity/pickup mapping against board, both sides"
