Comment,Designator,Footprint,LCSC Part #
100nF / 16V / X7R,"C1,C2,C3,C4,C6,C9,C10,C12,C14,C16,C17,C58",F722_Heli:C_0402_1005Metric,C1525
4.7uF / 10V / X5R,C5,F722_Heli:C_0603_1608Metric,C1705
4.7uF / 10V / X7R,"C7,C61,C68,C70",F722_Heli:C_0603_1608Metric,C913474
2.2uF / 10V / X7R(Murata),"C8,C60",F722_Heli:Murata_GRM155Z71A225KE44_0402,C2999759
10nF / 16V / X7R,C11,F722_Heli:C_0402_1005Metric,C318577
2.2uF / 10V / X7R,C13,F722_Heli:C_0603_1608Metric,C100082
1uF / 10V / X7R,"C15,C59,C65,C69",F722_Heli:C_0603_1608Metric,C95843
15pF / 50V / C0G,"C18,C19",F722_Heli:C_0402_1005Metric,C86285
1uF / 16V / X7R,C20,F722_Heli:C_0603_1608Metric,C59782
220nF / 16V / X7R,"C30,C31",F722_Heli:C_0402_1005Metric,C16772
3.3nF / 50V / C0G,C50,F722_Heli:C_0402_1005Metric,C1518207
1uF / 25V / X7R,"C51,C52,C64,C74",F722_Heli:C_0603_1608Metric,C29936
22uF / 25V / X5R,"C53,C54,C66,C71",F722_Heli:C_0805_2012Metric,C86816
47uF / 10V / X5R,"C55,C56,C57,C75",F722_Heli:C_0805_2012Metric,C124129
100nF / 25V / X7R,C62,F722_Heli:C_0402_1005Metric,C155422
1nF / 50V / C0G,C63,F722_Heli:C_0402_1005Metric,C307441
22uF / 10V / X7R,C67,F722_Heli:C_0805_2012Metric,C907991
10uF / 25V / X5R / HF,"C72,C73",F722_Heli:C_0603_1608Metric,C386081
GREEN,D1,F722_Heli:LED_0603_1608Metric,C2289
RED,D2,F722_Heli:LED_0603_1608Metric,C2286
ESD9M5.0ST5G,"D3,D4,D5,D6,D7",F722_Heli:D_SOD-923,C242267
SMF5.0A / transient only,D8,F722_Heli:Littelfuse_SMF_SOD123FL,C151296
SMF15CA / bidirectional,D9,F722_Heli:Littelfuse_SMF_SOD123FL,C1851361
600R@100MHz / 0.3A,"FB1,FB2",F722_Heli:Murata_BLM15AG_0402,C76884
USB4145-03-0170-C,J1,F722_Heli:USB_C_Receptacle_GCT_USB4145-03-0170-C_16P_Vertical,C5181332
PORT A / JST GH,J9,F722_Heli:JST_GH_BM04B-GHS-TBT_1x04-1MP_P1.25mm_Vertical,C161692
PORT B / JST GH,J10,F722_Heli:JST_GH_BM04B-GHS-TBT_1x04-1MP_P1.25mm_Vertical,C161692
PORT C / JST GH,J11,F722_Heli:JST_GH_BM04B-GHS-TBT_1x04-1MP_P1.25mm_Vertical,C161692
DSM / JST ZH,J12,F722_Heli:JST_ZH_B3B-ZR-SM4-TF_1x03-1MP_P1.50mm_Vertical,C489717
1.5uH / XGL4020-152MEC,L1,F722_Heli:Coilcraft_XGL4020,C7417180
3.3uH / DFE322512F,L2,F722_Heli:Murata_DFE322512F,C3221010
BSS138LT1G,"Q1,Q2",F722_Heli:SOT-23,C82045
10k / 1%,"R1,R3,R4,R6,R64,R69",F722_Heli:R_0402_1005Metric,C25744
2.2k / 1%,"R2,R10,R11",F722_Heli:R_0402_1005Metric,C25879
10k / 1%,R5,F722_Heli:R_0402_1005Metric_R5_ClearPin1Silk,C25744
4.7k / 1%,"R7,R8,R36,R37",F722_Heli:R_0402_1005Metric,C25900
0R / drive tuning,R9,F722_Heli:R_0402_1005Metric,C17168
5.1k / 1%,"R14,R15",F722_Heli:R_0402_1005Metric,C25905
0.12R / 1% / VCAP ESR,R16,F722_Heli:R_Panasonic_ERJ3R_0603,C4059772
470R / 1% / 0.20W,"R20,R21,R22,R23,R24,R25,R26",F722_Heli:Panasonic_ERJPA2_0402,C427238
22R / 1%,"R30,R32,R33,R34,R35,R38",F722_Heli:R_0402_1005Metric,C25092
22R / 1%,R31,F722_YAGEO:R_0201_0603Metric_YAGEO_AC,C144830
220R / 1%,"R39,R45",F722_Heli:R_0402_1005Metric,C25091
105k / 0.1%,R40,F722_Heli:R_0402_1005Metric,C2984407
20.0k / 0.1%,R41,F722_Heli:R_0402_1005Metric,C705630
68.0k / 0.1%,R42,F722_Heli:R_0402_1005Metric,C5266108
16.0k / 0.1%,"R43,R44",F722_Heli:R_0402_1005Metric,C513647
1.5M / 1%,R50,F722_Heli:R_0402_1005Metric,C22276
390k / 1%,R51,F722_Heli:R_0402_1005Metric,C25782
750R / 1%,R52,F722_Heli:R_0402_1005Metric,C25132
4.7k / 1%,R53,F722_Heli:Panasonic_ERJPA2_0402,C427244
53.6k / 0.1%,R54,F722_Heli:R_0402_1005Metric,C852835
10.0k / 0.1%,"R55,R61,R63",F722_Heli:R_0402_1005Metric,C190095
100k / 1%,"R56,R57",F722_Heli:R_0402_1005Metric,C25741
47k / 1%,R58,F722_Heli:R_0402_1005Metric,C25792
18.0k / 0.1%,R60,F722_Heli:R_0402_1005Metric,C852579
12.7k / 0.1%,R62,F722_Heli:R_0402_1005Metric,C852509
330k / 1%,R65,F722_Heli:R_0402_1005Metric,C25778
80.6k / 1%,R66,F722_Heli:R_0402_1005Metric,C25921
66.5k / 1%,R67,F722_Heli:R_0402_1005Metric,C29381
1k / 1%,R68,F722_Heli:R_0402_1005Metric,C11702
45.3k / 1%,R70,F722_Heli:R_0402_1005Metric,C26980
100k / 1% / ROM RX idle,R71,F722_Heli:R_0402_1005Metric,C25741
BOOT / KMT031NGJLHS,SW1,F722_Heli:CK_KMT031NGJLHS,C221708
STM32F722RET6,U1,F722_Heli:LQFP-64_10x10mm_P0.5mm,C118207
ICM-42688-P,U2,F722_Heli:LGA-14_3x2.5mm_P0.5mm_LayoutBorder3x4y,C1850418
W25N01GVZEIG / 128MiB,U3,F722_Heli:WSON-8-1EP_8x6mm_P1.27mm_EP3.4x4.3mm,C88868
DPS368XTSA1 / 0x76,U4,F722_Heli:Infineon_DPS368_VLGA-8_2.5x2mm_SMD,C3232508
TPS259472ARPWR,U5,F722_Heli:Texas_RPW0010A_TPS259472_2x2mm,C3662789
TPS63070RNMR / nominal 5.088V,U6,F722_Heli:Texas_RNM0015A_TPS63070_2.5x3mm,C109322
TPS2117DRLR / ABC priority mux,U7,F722_Heli:SOT-583-8,C22399676
TPS2121RUXR / BEC-priority core mux,U8,F722_Heli:Texas_RUX0012A_TPS2121_2x2.5mm,C485916
TPS62162DSGR / 3.3V 1A,U9,F722_Heli:Texas_DSG0008A_TPS62162_2x2mm_EP0.9x1.6mm,C40256
TPS2553DRVR / USB input limit,U10,F722_Heli:Texas_DRV0006A_TPS2553_2x2mm_EP1x1.6mm,C138719
TPS2553DRVR / DSM output limit,U11,F722_Heli:Texas_DRV0006A_TPS2553_2x2mm_EP1x1.6mm,C138719
USBLC6-4SC6 / header clamp,"U12,U13",F722_Heli:SOT-23-6,C111212
TPD4E05U06DQAR / UART ESD,"U14,U15",F722_Heli:Texas_DQA0010B_TPD4E05U06_2.5x1mm,C138714
"PESD15VS2UT,215 / 15V ESD",U16,F722_Heli:SOT-23,C282556
8MHz / CL10pF / TAXM8M4RDBCCT2T,Y1,F722_Heli:Crystal_SMD_3225-4Pin_3.2x2.5mm,C400090
