Ref,Val,Package,PosX,PosY,Rot,Side
"C1","100nF / 16V / X7R","C_0402_1005Metric",18.509999,-6.300000,0.000000,bottom
"C2","100nF / 16V / X7R","C_0402_1005Metric",26.250000,-7.070000,90.000000,bottom
"C3","100nF / 16V / X7R","C_0402_1005Metric",28.250000,-17.500000,90.000000,bottom
"C4","100nF / 16V / X7R","C_0402_1005Metric",17.510000,-21.200000,0.000000,bottom
"C5","4.7uF / 10V / X5R","C_0603_1608Metric",20.900000,-4.600000,0.000000,bottom
"C6","100nF / 16V / X7R","C_0402_1005Metric",15.500000,-21.350000,0.000000,bottom
"C7","4.7uF / 10V / X7R","C_0603_1608Metric",21.000000,-6.150000,180.000000,bottom
"C9","100nF / 16V / X7R","C_0402_1005Metric",12.350000,-8.475000,180.000000,bottom
"C14","100nF / 16V / X7R","C_0402_1005Metric",39.900000,-24.200000,90.000000,bottom
"C15","1uF / 10V / X7R","C_0603_1608Metric",39.900000,-21.400000,90.000000,bottom
"C16","100nF / 16V / X7R","C_0402_1005Metric",1.600000,-22.950000,0.000000,bottom
"C17","100nF / 16V / X7R","C_0402_1005Metric",1.600000,-24.150000,0.000000,bottom
"C18","15pF / 50V / C0G","C_0402_1005Metric",11.900000,-16.000000,180.000000,bottom
"C19","15pF / 50V / C0G","C_0402_1005Metric",11.900000,-10.150000,90.000000,bottom
"C20","1uF / 16V / X7R","C_0603_1608Metric",31.900000,-12.000000,90.000000,bottom
"C31","220nF / 16V / X7R","C_0402_1005Metric",14.000000,-24.100000,0.000000,bottom
"C50","3.3nF / 50V / C0G","C_0402_1005Metric",11.900000,-19.100000,0.000000,bottom
"C51","1uF / 25V / X7R","C_0603_1608Metric",7.870000,-14.325000,0.000000,bottom
"C52","1uF / 25V / X7R","C_0603_1608Metric",12.000000,-17.200000,0.000000,bottom
"C53","22uF / 25V / X5R","C_0805_2012Metric",21.800000,-1.100000,0.000000,bottom
"C56","47uF / 10V / X5R","C_0805_2012Metric",11.800000,-4.650000,0.000000,bottom
"C57","47uF / 10V / X5R","C_0805_2012Metric",11.800000,-6.725000,0.000000,bottom
"C59","1uF / 10V / X7R","C_0603_1608Metric",18.200000,-4.350000,90.000000,bottom
"C60","2.2uF / 10V / X7R(Murata)","Murata_GRM155Z71A225KE44_0402",14.100000,-6.700000,-90.000000,bottom
"C61","4.7uF / 10V / X7R","C_0603_1608Metric",16.649999,-2.300000,90.000000,bottom
"C62","100nF / 25V / X7R","C_0402_1005Metric",29.380000,-8.530000,-90.000000,bottom
"C63","1nF / 50V / C0G","C_0402_1005Metric",26.450000,-4.050000,180.000000,bottom
"C65","1uF / 10V / X7R","C_0603_1608Metric",26.570000,-5.400000,180.000000,bottom
"C66","22uF / 25V / X5R","C_0805_2012Metric",25.360000,-2.400000,180.000000,bottom
"C67","22uF / 10V / X7R","C_0805_2012Metric",33.060000,-5.400000,180.000000,bottom
"C68","4.7uF / 10V / X7R","C_0603_1608Metric",34.750000,-9.800000,180.000000,bottom
"C69","1uF / 10V / X7R","C_0603_1608Metric",22.300000,-22.300000,90.000000,bottom
"C70","4.7uF / 10V / X7R","C_0603_1608Metric",18.450000,-24.600000,180.000000,bottom
"D7","ESD9M5.0ST5G","D_SOD-923",14.000000,-19.450000,0.000000,bottom
"D8","SMF5.0A / transient only","Littelfuse_SMF_SOD123FL",30.100000,-15.000000,0.000000,bottom
"D9","SMF15CA / bidirectional","Littelfuse_SMF_SOD123FL",12.400000,-1.600000,0.000000,bottom
"FB1","600R@100MHz / 0.3A","Murata_BLM15AG_0402",10.740000,-8.800000,90.000000,bottom
"L2","3.3uH / DFE322512F","Murata_DFE322512F",33.060000,-2.500000,0.000000,bottom
"Q1","BSS138LT1G","SOT-23",25.000000,-22.450000,90.000000,bottom
"Q2","BSS138LT1G","SOT-23",1.950000,-14.200000,0.000000,bottom
"R4","10k / 1%","R_0402_1005Metric",26.500000,-20.250000,0.000000,bottom
"R5","10k / 1%","R_0402_1005Metric_R5_ClearPin1Silk",27.285000,-24.000000,90.000000,bottom
"R6","10k / 1%","R_0402_1005Metric",27.285000,-21.650000,90.000000,bottom
"R7","4.7k / 1%","R_0402_1005Metric",4.300000,-20.700000,0.000000,bottom
"R8","4.7k / 1%","R_0402_1005Metric",2.400000,-3.150000,-90.000000,bottom
"R9","0R / drive tuning","R_0402_1005Metric",13.050000,-10.150000,90.000000,bottom
"R16","0.12R / 1% / VCAP ESR","R_Panasonic_ERJ3R_0603",24.350000,-5.580000,90.000000,bottom
"R20","470R / 1% / 0.20W","Panasonic_ERJPA2_0402",1.100000,-4.700000,180.000000,bottom
"R21","470R / 1% / 0.20W","Panasonic_ERJPA2_0402",0.800000,-7.100000,-90.000000,bottom
"R22","470R / 1% / 0.20W","Panasonic_ERJPA2_0402",2.400000,-9.350000,90.000000,bottom
"R23","470R / 1% / 0.20W","Panasonic_ERJPA2_0402",2.000000,-11.500000,0.000000,bottom
"R24","470R / 1% / 0.20W","Panasonic_ERJPA2_0402",2.000000,-16.700000,0.000000,bottom
"R30","22R / 1%","R_0402_1005Metric",5.600000,-0.800000,180.000000,bottom
"R33","22R / 1%","R_0402_1005Metric",31.200000,-18.200000,0.000000,bottom
"R34","22R / 1%","R_0402_1005Metric",29.650000,-20.300000,90.000000,bottom
"R35","22R / 1%","R_0402_1005Metric",33.200000,-18.100000,180.000000,bottom
"R37","4.7k / 1%","R_0402_1005Metric",9.500000,-24.400000,0.000000,bottom
"R38","22R / 1%","R_0402_1005Metric",4.400000,-24.350000,-90.000000,bottom
"R39","220R / 1%","R_0402_1005Metric",9.200000,-20.700000,0.000000,bottom
"R45","220R / 1%","R_0402_1005Metric",11.775000,-23.925000,0.000000,bottom
"R50","1.5M / 1%","R_0402_1005Metric",7.200000,-20.700000,0.000000,bottom
"R51","390k / 1%","R_0402_1005Metric",8.600000,-17.600000,180.000000,bottom
"R53","4.7k / 1%","Panasonic_ERJPA2_0402",5.200000,-17.600000,180.000000,bottom
"R56","100k / 1%","R_0402_1005Metric",14.780000,-3.550000,-165.000000,bottom
"R57","100k / 1%","R_0402_1005Metric",7.000000,-4.700000,0.000000,bottom
"R58","47k / 1%","R_0402_1005Metric",15.335000,-1.800000,90.000000,bottom
"R60","18.0k / 0.1%","R_0402_1005Metric",29.300000,-0.700000,0.000000,bottom
"R61","10.0k / 0.1%","R_0402_1005Metric",34.300000,-7.800000,0.000000,bottom
"R64","10k / 1%","R_0402_1005Metric",22.650000,-3.300000,0.000000,bottom
"R66","80.6k / 1%","R_0402_1005Metric",30.780000,-8.180000,0.000000,bottom
"R67","66.5k / 1%","R_0402_1005Metric",35.900000,-14.100000,180.000000,bottom
"R69","10k / 1%","R_0402_1005Metric",32.299999,-9.200000,0.000000,bottom
"R70","45.3k / 1%","R_0402_1005Metric",17.300000,-22.800000,180.000000,bottom
"R71","100k / 1% / ROM RX idle","R_0402_1005Metric",33.400000,-14.400000,0.000000,bottom
"SW1","BOOT / KMT031NGJLHS","CK_KMT031NGJLHS",39.400000,-13.100000,0.000000,bottom
"U1","STM32F722RET6","LQFP-64_10x10mm_P0.5mm",20.959999,-13.800000,0.000000,bottom
"U3","W25N01GVZEIG / 128MiB","WSON-8-1EP_8x6mm_P1.27mm_EP3.4x4.3mm",34.700000,-22.000000,0.000000,bottom
"U4","DPS368XTSA1 / 0x76","Infineon_DPS368_VLGA-8_2.5x2mm_SMD",1.600000,-20.700000,90.000000,bottom
"U7","TPS2117DRLR / ABC priority mux","SOT-583-8",16.100000,-5.600000,180.000000,bottom
"U8","TPS2121RUXR / BEC-priority core mux","Texas_RUX0012A_TPS2121_2x2.5mm",29.500000,-5.800000,0.000000,bottom
"U9","TPS62162DSGR / 3.3V 1A","Texas_DSG0008A_TPS62162_2x2mm_EP0.9x1.6mm",28.860000,-2.500000,0.000000,bottom
"U10","TPS2553DRVR / USB input limit","Texas_DRV0006A_TPS2553_2x2mm_EP1x1.6mm",34.600000,-12.000000,180.000000,bottom
"U11","TPS2553DRVR / DSM output limit","Texas_DRV0006A_TPS2553_2x2mm_EP1x1.6mm",20.000000,-22.500000,0.000000,bottom
"U13","USBLC6-4SC6 / header clamp","SOT-23-6",12.200000,-21.400000,0.000000,bottom
"Y1","8MHz / CL10pF / TAXM8M4RDBCCT2T","Crystal_SMD_3225-4Pin_3.2x2.5mm",11.900000,-13.300000,90.000000,bottom
"C8","2.2uF / 10V / X7R(Murata)","Murata_GRM155Z71A225KE44_0402",14.500000,-14.460000,0.000000,top
"C10","100nF / 16V / X7R","C_0402_1005Metric",17.800000,-15.000000,0.000000,top
"C11","10nF / 16V / X7R","C_0402_1005Metric",26.100000,-14.000000,-90.000000,top
"C12","100nF / 16V / X7R","C_0402_1005Metric",26.062500,-12.000000,-90.000000,top
"C13","2.2uF / 10V / X7R","C_0603_1608Metric",23.759999,-14.200000,0.000000,top
"C30","220nF / 16V / X7R","C_0402_1005Metric",15.350000,-16.000000,-90.000000,top
"C54","22uF / 25V / X5R","C_0805_2012Metric",20.459999,-14.125000,180.000000,top
"C55","47uF / 10V / X5R","C_0805_2012Metric",12.660000,-7.875000,0.000000,top
"C58","100nF / 16V / X7R","C_0402_1005Metric",19.660000,-11.125000,-90.000000,top
"C64","1uF / 25V / X7R","C_0603_1608Metric",32.299999,-5.650000,90.000000,top
"C71","22uF / 25V / X5R","C_0805_2012Metric",17.710000,-16.500000,0.000000,top
"C72","10uF / 25V / X5R / HF","C_0603_1608Metric",16.960000,-13.700000,0.000000,top
"C73","10uF / 25V / X5R / HF","C_0603_1608Metric",16.260000,-7.970000,180.000000,top
"C74","1uF / 25V / X7R","C_0603_1608Metric",32.000000,-8.350000,0.000000,top
"C75","47uF / 10V / X5R","C_0805_2012Metric",31.400000,-13.500000,-90.000000,top
"D1","GREEN","LED_0603_1608Metric",4.400000,-24.530000,180.000000,top
"D2","RED","LED_0603_1608Metric",40.700000,-21.500000,-90.000000,top
"D3","ESD9M5.0ST5G","D_SOD-923",35.000000,-13.850000,180.000000,top
"D4","ESD9M5.0ST5G","D_SOD-923",35.000000,-12.550000,180.000000,top
"D5","ESD9M5.0ST5G","D_SOD-923",35.700000,-16.400000,90.000000,top
"D6","ESD9M5.0ST5G","D_SOD-923",34.550000,-9.600000,90.000000,top
"FB2","600R@100MHz / 0.3A","Murata_BLM15AG_0402",23.625000,-15.500000,0.000000,top
"J1","USB4145-03-0170-C","USB_C_Receptacle_GCT_USB4145-03-0170-C_16P_Vertical",39.000000,-13.000000,90.000000,top
"J2","S1 / GND-VX-S","Samtec_HTSW-101-08-L-T-RA_TripleRow_OpenEdgeSilk",4.060000,-3.150000,0.000000,top
"J3","S2 / GND-VX-S","Samtec_HTSW-101-08-L-T-RA_TripleRow_OpenEdgeSilk",4.060000,-6.250000,0.000000,top
"J4","S3 / GND-VX-S","Samtec_HTSW-101-08-L-T-RA_TripleRow_OpenEdgeSilk",4.060000,-9.350000,0.000000,top
"J5","TAIL / GND-VX-S","Samtec_HTSW-101-08-L-T-RA_TripleRow_OpenEdgeSilk",4.060000,-12.450000,0.000000,top
"J6","ESC / GND-VX-S","Samtec_HTSW-101-08-L-T-RA_TripleRow_OpenEdgeSilk",4.060000,-16.050000,0.000000,top
"J7","RPM / GND-VX-S","Samtec_HTSW-101-08-L-T-RA_TripleRow_OpenEdgeSilk",4.060000,-19.150000,0.000000,top
"J8","SBUS / GND-VX-S","Samtec_HTSW-101-08-L-T-RA_TripleRow_OpenEdgeSilk",4.060000,-22.250000,0.000000,top
"J9","PORT A / JST GH","JST_GH_BM04B-GHS-TBT_1x04-1MP_P1.25mm_Vertical",15.210000,-3.550000,0.000000,top
"J10","PORT B / JST GH","JST_GH_BM04B-GHS-TBT_1x04-1MP_P1.25mm_Vertical",24.850000,-3.550000,0.000000,top
"J11","PORT C / JST GH","JST_GH_BM04B-GHS-TBT_1x04-1MP_P1.25mm_Vertical",31.000000,-22.050000,180.000000,top
"J12","DSM / JST ZH","JST_ZH_B3B-ZR-SM4-TF_1x03-1MP_P1.50mm_Vertical",15.210000,-21.550000,180.000000,top
"L1","1.5uH / XGL4020-152MEC","Coilcraft_XGL4020",12.760000,-11.450000,-90.000000,top
"R1","10k / 1%","R_0402_1005Metric",9.400000,-0.900000,0.000000,top
"R2","2.2k / 1%","R_0402_1005Metric",16.600000,-18.000000,180.000000,top
"R3","10k / 1%","R_0402_1005Metric",19.200000,-18.000000,0.000000,top
"R10","2.2k / 1%","R_0402_1005Metric",1.800000,-24.500000,0.000000,top
"R11","2.2k / 1%","R_0402_1005Metric",40.600000,-24.000000,90.000000,top
"R14","5.1k / 1%","R_0402_1005Metric",34.650000,-16.300000,90.000000,top
"R15","5.1k / 1%","R_0402_1005Metric",33.550000,-10.900000,-90.000000,top
"R25","470R / 1% / 0.20W","Panasonic_ERJPA2_0402",7.000000,-24.500000,0.000000,top
"R26","470R / 1% / 0.20W","Panasonic_ERJPA2_0402",25.500000,-22.500000,90.000000,top
"R31","22R / 1%","R_0201_0603Metric_YAGEO_AC",20.700000,-9.860000,180.000000,top
"R32","22R / 1%","R_0402_1005Metric",27.965000,-12.600000,0.000000,top
"R36","4.7k / 1%","R_0402_1005Metric",25.000000,-24.000000,180.000000,top
"R40","105k / 0.1%","R_0402_1005Metric",20.000000,-16.200000,90.000000,top
"R41","20.0k / 0.1%","R_0402_1005Metric",21.100000,-16.200000,-90.000000,top
"R42","68.0k / 0.1%","R_0402_1005Metric",22.200000,-16.200000,-90.000000,top
"R43","16.0k / 0.1%","R_0402_1005Metric",20.810000,-18.100000,-90.000000,top
"R44","16.0k / 0.1%","R_0402_1005Metric",22.550000,-18.900000,-90.000000,top
"R52","750R / 1%","R_0402_1005Metric",14.000000,-16.050000,90.000000,top
"R54","53.6k / 0.1%","R_0402_1005Metric",18.800000,-7.800000,0.000000,top
"R55","10.0k / 0.1%","R_0402_1005Metric",20.750000,-8.500000,0.000000,top
"R62","12.7k / 0.1%","R_0402_1005Metric",34.000000,-4.400000,0.000000,top
"R63","10.0k / 0.1%","R_0402_1005Metric",34.150000,-5.400000,180.000000,top
"R65","330k / 1%","R_0402_1005Metric",34.000000,-6.400000,0.000000,top
"R68","1k / 1%","R_0402_1005Metric",36.450000,-5.050000,0.000000,top
"U2","ICM-42688-P","LGA-14_3x2.5mm_P0.5mm_LayoutBorder3x4y",23.209999,-11.600000,0.000000,top
"U5","TPS259472ARPWR","Texas_RPW0010A_TPS259472_2x2mm",12.060000,-16.450000,0.000000,top
"U6","TPS63070RNMR / nominal 5.088V","Texas_RNM0015A_TPS63070_2.5x3mm",17.310000,-10.900000,180.000000,top
"U12","USBLC6-4SC6 / header clamp","SOT-23-6",28.850000,-17.050000,180.000000,top
"U14","TPD4E05U06DQAR / UART ESD","Texas_DQA0010B_TPD4E05U06_2.5x1mm",23.500000,-7.900000,90.000000,top
"U15","TPD4E05U06DQAR / UART ESD","Texas_DQA0010B_TPD4E05U06_2.5x1mm",32.705000,-17.150000,180.000000,top
"U16","PESD15VS2UT,215 / 15V ESD","SOT-23",22.000000,-21.900000,90.000000,top
