Reference,Value,MPN,Footprint,X mm,Y mm,Rotation deg,Side,Notes
C1,100nF / 16V / X7R,CL05B104KO5NNNC,F722_Heli:C_0402_1005Metric,18.509999,-6.300000,0.000000,bottom,Exact identity retained; current stock and factory assembly acceptance not checked
C2,100nF / 16V / X7R,CL05B104KO5NNNC,F722_Heli:C_0402_1005Metric,26.250000,-7.070000,90.000000,bottom,Exact identity retained; current stock and factory assembly acceptance not checked
C3,100nF / 16V / X7R,CL05B104KO5NNNC,F722_Heli:C_0402_1005Metric,28.250000,-17.500000,90.000000,bottom,Exact identity retained; current stock and factory assembly acceptance not checked
C4,100nF / 16V / X7R,CL05B104KO5NNNC,F722_Heli:C_0402_1005Metric,17.510000,-21.200000,0.000000,bottom,Exact identity retained; current stock and factory assembly acceptance not checked
C5,4.7uF / 10V / X5R,CL10A475KP8NNNC,F722_Heli:C_0603_1608Metric,20.900000,-4.600000,0.000000,bottom,Exact identity retained; current stock and factory assembly acceptance not checked
C6,100nF / 16V / X7R,CL05B104KO5NNNC,F722_Heli:C_0402_1005Metric,15.500000,-21.350000,0.000000,bottom,Exact identity retained; current stock and factory assembly acceptance not checked
C7,4.7uF / 10V / X7R,GRM188Z71A475KE15D,F722_Heli:C_0603_1608Metric,21.000000,-6.150000,180.000000,bottom,Exact identity retained; current stock and factory assembly acceptance not checked
C8,2.2uF / 10V / X7R(Murata),GRM155Z71A225KE44D,F722_Heli:Murata_GRM155Z71A225KE44_0402,14.500000,-14.460000,0.000000,top,Exact identity retained; current stock and factory assembly acceptance not checked
C9,100nF / 16V / X7R,CL05B104KO5NNNC,F722_Heli:C_0402_1005Metric,12.350000,-8.475000,180.000000,bottom,Exact identity retained; current stock and factory assembly acceptance not checked
C10,100nF / 16V / X7R,CL05B104KO5NNNC,F722_Heli:C_0402_1005Metric,17.800000,-15.000000,0.000000,top,Exact identity retained; current stock and factory assembly acceptance not checked
C11,10nF / 16V / X7R,CL05B103KO5NNNC,F722_Heli:C_0402_1005Metric,26.100000,-14.000000,-90.000000,top,Exact identity retained; current stock and factory assembly acceptance not checked
C12,100nF / 16V / X7R,CL05B104KO5NNNC,F722_Heli:C_0402_1005Metric,26.062500,-12.000000,-90.000000,top,Exact identity retained; current stock and factory assembly acceptance not checked
C13,2.2uF / 10V / X7R,CL10B225KP8NNNC,F722_Heli:C_0603_1608Metric,23.759999,-14.200000,0.000000,top,Exact identity retained; current stock and factory assembly acceptance not checked
C14,100nF / 16V / X7R,CL05B104KO5NNNC,F722_Heli:C_0402_1005Metric,39.900000,-24.200000,90.000000,bottom,Exact identity retained; current stock and factory assembly acceptance not checked
C15,1uF / 10V / X7R,CL10B105KP8NNNC,F722_Heli:C_0603_1608Metric,39.900000,-21.400000,90.000000,bottom,Exact identity retained; current stock and factory assembly acceptance not checked
C16,100nF / 16V / X7R,CL05B104KO5NNNC,F722_Heli:C_0402_1005Metric,1.600000,-22.950000,0.000000,bottom,Exact identity retained; current stock and factory assembly acceptance not checked
C17,100nF / 16V / X7R,CL05B104KO5NNNC,F722_Heli:C_0402_1005Metric,1.600000,-24.150000,0.000000,bottom,Exact identity retained; current stock and factory assembly acceptance not checked
C18,15pF / 50V / C0G,CL05C150JB5NNNC,F722_Heli:C_0402_1005Metric,11.900000,-16.000000,180.000000,bottom,Exact identity retained; current stock and factory assembly acceptance not checked
C19,15pF / 50V / C0G,CL05C150JB5NNNC,F722_Heli:C_0402_1005Metric,11.900000,-10.150000,90.000000,bottom,Exact identity retained; current stock and factory assembly acceptance not checked
C20,1uF / 16V / X7R,CL10B105KO8NNNC,F722_Heli:C_0603_1608Metric,31.900000,-12.000000,90.000000,bottom,Exact identity retained; current stock and factory assembly acceptance not checked
C30,220nF / 16V / X7R,CL05B224KO5NNNC,F722_Heli:C_0402_1005Metric,15.350000,-16.000000,-90.000000,top,Exact identity retained; current stock and factory assembly acceptance not checked
C31,220nF / 16V / X7R,CL05B224KO5NNNC,F722_Heli:C_0402_1005Metric,14.000000,-24.100000,0.000000,bottom,Exact identity retained; current stock and factory assembly acceptance not checked
C50,3.3nF / 50V / C0G,GRM1555C1H332JE01D,F722_Heli:C_0402_1005Metric,11.900000,-19.100000,0.000000,bottom,Exact identity retained; current stock and factory assembly acceptance not checked
C51,1uF / 25V / X7R,CL10B105KA8NNNC,F722_Heli:C_0603_1608Metric,7.870000,-14.325000,0.000000,bottom,Exact identity retained; current stock and factory assembly acceptance not checked
C52,1uF / 25V / X7R,CL10B105KA8NNNC,F722_Heli:C_0603_1608Metric,12.000000,-17.200000,0.000000,bottom,Exact identity retained; current stock and factory assembly acceptance not checked
C53,22uF / 25V / X5R,GRM21BR61E226ME44L,F722_Heli:C_0805_2012Metric,21.800000,-1.100000,0.000000,bottom,Exact identity retained; current stock and factory assembly acceptance not checked
C54,22uF / 25V / X5R,GRM21BR61E226ME44L,F722_Heli:C_0805_2012Metric,20.459999,-14.125000,180.000000,top,Exact identity retained; current stock and factory assembly acceptance not checked
C55,47uF / 10V / X5R,GRM21BR61A476ME15L,F722_Heli:C_0805_2012Metric,12.660000,-7.875000,0.000000,top,Exact identity retained; current stock and factory assembly acceptance not checked
C56,47uF / 10V / X5R,GRM21BR61A476ME15L,F722_Heli:C_0805_2012Metric,11.800000,-4.650000,0.000000,bottom,Exact identity retained; current stock and factory assembly acceptance not checked
C57,47uF / 10V / X5R,GRM21BR61A476ME15L,F722_Heli:C_0805_2012Metric,11.800000,-6.725000,0.000000,bottom,Exact identity retained; current stock and factory assembly acceptance not checked
C58,100nF / 16V / X7R,CL05B104KO5NNNC,F722_Heli:C_0402_1005Metric,19.660000,-11.125000,-90.000000,top,Exact identity retained; current stock and factory assembly acceptance not checked
C59,1uF / 10V / X7R,CL10B105KP8NNNC,F722_Heli:C_0603_1608Metric,18.200000,-4.350000,90.000000,bottom,Exact identity retained; current stock and factory assembly acceptance not checked
C60,2.2uF / 10V / X7R(Murata),GRM155Z71A225KE44D,F722_Heli:Murata_GRM155Z71A225KE44_0402,14.100000,-6.700000,-90.000000,bottom,Exact identity retained; current stock and factory assembly acceptance not checked
C61,4.7uF / 10V / X7R,GRM188Z71A475KE15D,F722_Heli:C_0603_1608Metric,16.649999,-2.300000,90.000000,bottom,Exact identity retained; current stock and factory assembly acceptance not checked
C62,100nF / 25V / X7R,CL05B104KA5NNNC,F722_Heli:C_0402_1005Metric,29.380000,-8.530000,-90.000000,bottom,Exact identity retained; current stock and factory assembly acceptance not checked
C63,1nF / 50V / C0G,CL05C102JB5NNNC,F722_Heli:C_0402_1005Metric,26.450000,-4.050000,180.000000,bottom,Exact identity retained; current stock and factory assembly acceptance not checked
C64,1uF / 25V / X7R,CL10B105KA8NNNC,F722_Heli:C_0603_1608Metric,32.299999,-5.650000,90.000000,top,Exact identity retained; current stock and factory assembly acceptance not checked
C65,1uF / 10V / X7R,CL10B105KP8NNNC,F722_Heli:C_0603_1608Metric,26.570000,-5.400000,180.000000,bottom,Exact identity retained; current stock and factory assembly acceptance not checked
C66,22uF / 25V / X5R,GRM21BR61E226ME44L,F722_Heli:C_0805_2012Metric,25.360000,-2.400000,180.000000,bottom,Exact identity retained; current stock and factory assembly acceptance not checked
C67,22uF / 10V / X7R,GRM21BZ71A226ME15L,F722_Heli:C_0805_2012Metric,33.060000,-5.400000,180.000000,bottom,Exact identity retained; current stock and factory assembly acceptance not checked
C68,4.7uF / 10V / X7R,GRM188Z71A475KE15D,F722_Heli:C_0603_1608Metric,34.750000,-9.800000,180.000000,bottom,Exact identity retained; current stock and factory assembly acceptance not checked
C69,1uF / 10V / X7R,CL10B105KP8NNNC,F722_Heli:C_0603_1608Metric,22.300000,-22.300000,90.000000,bottom,Exact identity retained; current stock and factory assembly acceptance not checked
C70,4.7uF / 10V / X7R,GRM188Z71A475KE15D,F722_Heli:C_0603_1608Metric,18.450000,-24.600000,180.000000,bottom,Exact identity retained; current stock and factory assembly acceptance not checked
C71,22uF / 25V / X5R,GRM21BR61E226ME44L,F722_Heli:C_0805_2012Metric,17.710000,-16.500000,0.000000,top,Exact identity retained; current stock and factory assembly acceptance not checked
C72,10uF / 25V / X5R / HF,TMK107BBJ106MA-T,F722_Heli:C_0603_1608Metric,16.960000,-13.700000,0.000000,top,Exact identity retained; current stock and factory assembly acceptance not checked
C73,10uF / 25V / X5R / HF,TMK107BBJ106MA-T,F722_Heli:C_0603_1608Metric,16.260000,-7.970000,180.000000,top,Exact identity retained; current stock and factory assembly acceptance not checked
C74,1uF / 25V / X7R,CL10B105KA8NNNC,F722_Heli:C_0603_1608Metric,32.000000,-8.350000,0.000000,top,Exact identity retained; current stock and factory assembly acceptance not checked
C75,47uF / 10V / X5R,GRM21BR61A476ME15L,F722_Heli:C_0805_2012Metric,31.400000,-13.500000,-90.000000,top,Exact identity retained; current stock and factory assembly acceptance not checked
D1,GREEN,KT-0603YG,F722_Heli:LED_0603_1608Metric,4.400000,-24.530000,180.000000,top,Exact identity retained; current stock and factory assembly acceptance not checked
D2,RED,KT-0603R,F722_Heli:LED_0603_1608Metric,40.700000,-21.500000,-90.000000,top,Exact identity retained; current stock and factory assembly acceptance not checked
D3,ESD9M5.0ST5G,ESD9M5.0ST5G,F722_Heli:D_SOD-923,35.000000,-13.850000,180.000000,top,Exact identity retained; current stock and factory assembly acceptance not checked
D4,ESD9M5.0ST5G,ESD9M5.0ST5G,F722_Heli:D_SOD-923,35.000000,-12.550000,180.000000,top,Exact identity retained; current stock and factory assembly acceptance not checked
D5,ESD9M5.0ST5G,ESD9M5.0ST5G,F722_Heli:D_SOD-923,35.700000,-16.400000,90.000000,top,Exact identity retained; current stock and factory assembly acceptance not checked
D6,ESD9M5.0ST5G,ESD9M5.0ST5G,F722_Heli:D_SOD-923,34.550000,-9.600000,90.000000,top,Exact identity retained; current stock and factory assembly acceptance not checked
D7,ESD9M5.0ST5G,ESD9M5.0ST5G,F722_Heli:D_SOD-923,14.000000,-19.450000,0.000000,bottom,Exact identity retained; current stock and factory assembly acceptance not checked
D8,SMF5.0A / transient only,SMF5.0A,F722_Heli:Littelfuse_SMF_SOD123FL,30.100000,-15.000000,0.000000,bottom,Exact identity retained; current stock and factory assembly acceptance not checked
D9,SMF15CA / bidirectional,SMF15CA,F722_Heli:Littelfuse_SMF_SOD123FL,12.400000,-1.600000,0.000000,bottom,Exact identity retained; current stock and factory assembly acceptance not checked
FB1,600R@100MHz / 0.3A,BLM15AG601SN1D,F722_Heli:Murata_BLM15AG_0402,10.740000,-8.800000,90.000000,bottom,Exact identity retained; current stock and factory assembly acceptance not checked
FB2,600R@100MHz / 0.3A,BLM15AG601SN1D,F722_Heli:Murata_BLM15AG_0402,23.625000,-15.500000,0.000000,top,Exact identity retained; current stock and factory assembly acceptance not checked
J1,USB4145-03-0170-C,USB4145-03-0170-C,F722_Heli:USB_C_Receptacle_GCT_USB4145-03-0170-C_16P_Vertical,39.000000,-13.000000,90.000000,top,GCT vertical USB; mixed SMT/PTH; machine CPL covers placement only; solder all four plated shell slots; no shell paste; factory process/pickup/orientation approval required
J2,S1 / GND-VX-S,HTSW-101-08-L-T-RA,F722_Heli:Samtec_HTSW-101-08-L-T-RA_TripleRow_OpenEdgeSilk,4.060000,-3.150000,0.000000,top,Samtec exact HTSW-101-08-L-T-RA; no LCSC code; separate procurement and THT/manual assembly required; confirm actual supply and assembler handling
J3,S2 / GND-VX-S,HTSW-101-08-L-T-RA,F722_Heli:Samtec_HTSW-101-08-L-T-RA_TripleRow_OpenEdgeSilk,4.060000,-6.250000,0.000000,top,Samtec exact HTSW-101-08-L-T-RA; no LCSC code; separate procurement and THT/manual assembly required; confirm actual supply and assembler handling
J4,S3 / GND-VX-S,HTSW-101-08-L-T-RA,F722_Heli:Samtec_HTSW-101-08-L-T-RA_TripleRow_OpenEdgeSilk,4.060000,-9.350000,0.000000,top,Samtec exact HTSW-101-08-L-T-RA; no LCSC code; separate procurement and THT/manual assembly required; confirm actual supply and assembler handling
J5,TAIL / GND-VX-S,HTSW-101-08-L-T-RA,F722_Heli:Samtec_HTSW-101-08-L-T-RA_TripleRow_OpenEdgeSilk,4.060000,-12.450000,0.000000,top,Samtec exact HTSW-101-08-L-T-RA; no LCSC code; separate procurement and THT/manual assembly required; confirm actual supply and assembler handling
J6,ESC / GND-VX-S,HTSW-101-08-L-T-RA,F722_Heli:Samtec_HTSW-101-08-L-T-RA_TripleRow_OpenEdgeSilk,4.060000,-16.050000,0.000000,top,Samtec exact HTSW-101-08-L-T-RA; no LCSC code; separate procurement and THT/manual assembly required; confirm actual supply and assembler handling
J7,RPM / GND-VX-S,HTSW-101-08-L-T-RA,F722_Heli:Samtec_HTSW-101-08-L-T-RA_TripleRow_OpenEdgeSilk,4.060000,-19.150000,0.000000,top,Samtec exact HTSW-101-08-L-T-RA; no LCSC code; separate procurement and THT/manual assembly required; confirm actual supply and assembler handling
J8,SBUS / GND-VX-S,HTSW-101-08-L-T-RA,F722_Heli:Samtec_HTSW-101-08-L-T-RA_TripleRow_OpenEdgeSilk,4.060000,-22.250000,0.000000,top,Samtec exact HTSW-101-08-L-T-RA; no LCSC code; separate procurement and THT/manual assembly required; confirm actual supply and assembler handling
J9,PORT A / JST GH,BM04B-GHS-TBT(LF)(SN),F722_Heli:JST_GH_BM04B-GHS-TBT_1x04-1MP_P1.25mm_Vertical,15.210000,-3.550000,0.000000,top,Exact identity retained; current stock and factory assembly acceptance not checked
J10,PORT B / JST GH,BM04B-GHS-TBT(LF)(SN),F722_Heli:JST_GH_BM04B-GHS-TBT_1x04-1MP_P1.25mm_Vertical,24.850000,-3.550000,0.000000,top,Exact identity retained; current stock and factory assembly acceptance not checked
J11,PORT C / JST GH,BM04B-GHS-TBT(LF)(SN),F722_Heli:JST_GH_BM04B-GHS-TBT_1x04-1MP_P1.25mm_Vertical,31.000000,-22.050000,180.000000,top,Exact identity retained; current stock and factory assembly acceptance not checked
J12,DSM / JST ZH,B3B-ZR-SM4-TF(LF)(SN),F722_Heli:JST_ZH_B3B-ZR-SM4-TF_1x03-1MP_P1.50mm_Vertical,15.210000,-21.550000,180.000000,top,Exact identity retained; current stock and factory assembly acceptance not checked
L1,1.5uH / XGL4020-152MEC,XGL4020-152MEC,F722_Heli:Coilcraft_XGL4020,12.760000,-11.450000,-90.000000,top,Exact identity retained; current stock and factory assembly acceptance not checked
L2,3.3uH / DFE322512F,DFE322512F-3R3M=P2,F722_Heli:Murata_DFE322512F,33.060000,-2.500000,0.000000,bottom,Exact identity retained; current stock and factory assembly acceptance not checked
Q1,BSS138LT1G,BSS138LT1G,F722_Heli:SOT-23,25.000000,-22.450000,90.000000,bottom,Exact identity retained; current stock and factory assembly acceptance not checked
Q2,BSS138LT1G,BSS138LT1G,F722_Heli:SOT-23,1.950000,-14.200000,0.000000,bottom,Exact identity retained; current stock and factory assembly acceptance not checked
R1,10k / 1%,0402WGF1002TCE,F722_Heli:R_0402_1005Metric,9.400000,-0.900000,0.000000,top,Exact identity retained; current stock and factory assembly acceptance not checked
R2,2.2k / 1%,0402WGF2201TCE,F722_Heli:R_0402_1005Metric,16.600000,-18.000000,180.000000,top,Exact identity retained; current stock and factory assembly acceptance not checked
R3,10k / 1%,0402WGF1002TCE,F722_Heli:R_0402_1005Metric,19.200000,-18.000000,0.000000,top,Exact identity retained; current stock and factory assembly acceptance not checked
R4,10k / 1%,0402WGF1002TCE,F722_Heli:R_0402_1005Metric,26.500000,-20.250000,0.000000,bottom,Exact identity retained; current stock and factory assembly acceptance not checked
R5,10k / 1%,0402WGF1002TCE,F722_Heli:R_0402_1005Metric_R5_ClearPin1Silk,27.285000,-24.000000,90.000000,bottom,Exact identity retained; current stock and factory assembly acceptance not checked
R6,10k / 1%,0402WGF1002TCE,F722_Heli:R_0402_1005Metric,27.285000,-21.650000,90.000000,bottom,Exact identity retained; current stock and factory assembly acceptance not checked
R7,4.7k / 1%,0402WGF4701TCE,F722_Heli:R_0402_1005Metric,4.300000,-20.700000,0.000000,bottom,Exact identity retained; current stock and factory assembly acceptance not checked
R8,4.7k / 1%,0402WGF4701TCE,F722_Heli:R_0402_1005Metric,2.400000,-3.150000,-90.000000,bottom,Exact identity retained; current stock and factory assembly acceptance not checked
R9,0R / drive tuning,0402WGF0000TCE,F722_Heli:R_0402_1005Metric,13.050000,-10.150000,90.000000,bottom,Exact identity retained; current stock and factory assembly acceptance not checked
R10,2.2k / 1%,0402WGF2201TCE,F722_Heli:R_0402_1005Metric,1.800000,-24.500000,0.000000,top,Exact identity retained; current stock and factory assembly acceptance not checked
R11,2.2k / 1%,0402WGF2201TCE,F722_Heli:R_0402_1005Metric,40.600000,-24.000000,90.000000,top,Exact identity retained; current stock and factory assembly acceptance not checked
R14,5.1k / 1%,0402WGF5101TCE,F722_Heli:R_0402_1005Metric,34.650000,-16.300000,90.000000,top,Exact identity retained; current stock and factory assembly acceptance not checked
R15,5.1k / 1%,0402WGF5101TCE,F722_Heli:R_0402_1005Metric,33.550000,-10.900000,-90.000000,top,Exact identity retained; current stock and factory assembly acceptance not checked
R16,0.12R / 1% / VCAP ESR,ERJ3RSFR12V,F722_Heli:R_Panasonic_ERJ3R_0603,24.350000,-5.580000,90.000000,bottom,HOLD: exact ERJ3RSFR12V/C4059772; assembly supply pending confirmation/private-stock route; no substitute; installed R16/C7/copper-loop qualification pending
R20,470R / 1% / 0.20W,ERJPA2F4700X,F722_Heli:Panasonic_ERJPA2_0402,1.100000,-4.700000,180.000000,bottom,Exact identity retained; current stock and factory assembly acceptance not checked
R21,470R / 1% / 0.20W,ERJPA2F4700X,F722_Heli:Panasonic_ERJPA2_0402,0.800000,-7.100000,-90.000000,bottom,Exact identity retained; current stock and factory assembly acceptance not checked
R22,470R / 1% / 0.20W,ERJPA2F4700X,F722_Heli:Panasonic_ERJPA2_0402,2.400000,-9.350000,90.000000,bottom,Exact identity retained; current stock and factory assembly acceptance not checked
R23,470R / 1% / 0.20W,ERJPA2F4700X,F722_Heli:Panasonic_ERJPA2_0402,2.000000,-11.500000,0.000000,bottom,Exact identity retained; current stock and factory assembly acceptance not checked
R24,470R / 1% / 0.20W,ERJPA2F4700X,F722_Heli:Panasonic_ERJPA2_0402,2.000000,-16.700000,0.000000,bottom,Exact identity retained; current stock and factory assembly acceptance not checked
R25,470R / 1% / 0.20W,ERJPA2F4700X,F722_Heli:Panasonic_ERJPA2_0402,7.000000,-24.500000,0.000000,top,Exact identity retained; current stock and factory assembly acceptance not checked
R26,470R / 1% / 0.20W,ERJPA2F4700X,F722_Heli:Panasonic_ERJPA2_0402,25.500000,-22.500000,90.000000,top,Exact identity retained; current stock and factory assembly acceptance not checked
R30,22R / 1%,0402WGF220JTCE,F722_Heli:R_0402_1005Metric,5.600000,-0.800000,180.000000,bottom,Exact identity retained; current stock and factory assembly acceptance not checked
R31,22R / 1%,AC0201FR-0722RL,F722_YAGEO:R_0201_0603Metric_YAGEO_AC,20.700000,-9.860000,180.000000,top,YAGEO AC0201FR-0722RL/C144830; 0201; 0.05 W (50 mW); do not substitute former larger-package rating
R32,22R / 1%,0402WGF220JTCE,F722_Heli:R_0402_1005Metric,27.965000,-12.600000,0.000000,top,Exact identity retained; current stock and factory assembly acceptance not checked
R33,22R / 1%,0402WGF220JTCE,F722_Heli:R_0402_1005Metric,31.200000,-18.200000,0.000000,bottom,Exact identity retained; current stock and factory assembly acceptance not checked
R34,22R / 1%,0402WGF220JTCE,F722_Heli:R_0402_1005Metric,29.650000,-20.300000,90.000000,bottom,Exact identity retained; current stock and factory assembly acceptance not checked
R35,22R / 1%,0402WGF220JTCE,F722_Heli:R_0402_1005Metric,33.200000,-18.100000,180.000000,bottom,Exact identity retained; current stock and factory assembly acceptance not checked
R36,4.7k / 1%,0402WGF4701TCE,F722_Heli:R_0402_1005Metric,25.000000,-24.000000,180.000000,top,Exact identity retained; current stock and factory assembly acceptance not checked
R37,4.7k / 1%,0402WGF4701TCE,F722_Heli:R_0402_1005Metric,9.500000,-24.400000,0.000000,bottom,Exact identity retained; current stock and factory assembly acceptance not checked
R38,22R / 1%,0402WGF220JTCE,F722_Heli:R_0402_1005Metric,4.400000,-24.350000,-90.000000,bottom,Exact identity retained; current stock and factory assembly acceptance not checked
R39,220R / 1%,0402WGF2200TCE,F722_Heli:R_0402_1005Metric,9.200000,-20.700000,0.000000,bottom,Exact identity retained; current stock and factory assembly acceptance not checked
R40,105k / 0.1%,ARG02BTC1053,F722_Heli:R_0402_1005Metric,20.000000,-16.200000,90.000000,top,Exact identity retained; current stock and factory assembly acceptance not checked
R41,20.0k / 0.1%,RT0402BRD0720KL,F722_Heli:R_0402_1005Metric,21.100000,-16.200000,-90.000000,top,Exact identity retained; current stock and factory assembly acceptance not checked
R42,68.0k / 0.1%,ARG02BTC6802,F722_Heli:R_0402_1005Metric,22.200000,-16.200000,-90.000000,top,Exact identity retained; current stock and factory assembly acceptance not checked
R43,16.0k / 0.1%,RT0402BRD0716KL,F722_Heli:R_0402_1005Metric,20.810000,-18.100000,-90.000000,top,Exact identity retained; current stock and factory assembly acceptance not checked
R44,16.0k / 0.1%,RT0402BRD0716KL,F722_Heli:R_0402_1005Metric,22.550000,-18.900000,-90.000000,top,Exact identity retained; current stock and factory assembly acceptance not checked
R45,220R / 1%,0402WGF2200TCE,F722_Heli:R_0402_1005Metric,11.775000,-23.925000,0.000000,bottom,Exact identity retained; current stock and factory assembly acceptance not checked
R50,1.5M / 1%,0402WGF1504TCE,F722_Heli:R_0402_1005Metric,7.200000,-20.700000,0.000000,bottom,Exact identity retained; current stock and factory assembly acceptance not checked
R51,390k / 1%,0402WGF3903TCE,F722_Heli:R_0402_1005Metric,8.600000,-17.600000,180.000000,bottom,Exact identity retained; current stock and factory assembly acceptance not checked
R52,750R / 1%,0402WGF7500TCE,F722_Heli:R_0402_1005Metric,14.000000,-16.050000,90.000000,top,Exact identity retained; current stock and factory assembly acceptance not checked
R53,4.7k / 1%,ERJPA2F4701X,F722_Heli:Panasonic_ERJPA2_0402,5.200000,-17.600000,180.000000,bottom,Exact identity retained; current stock and factory assembly acceptance not checked
R54,53.6k / 0.1%,RT0402BRD0753K6L,F722_Heli:R_0402_1005Metric,18.800000,-7.800000,0.000000,top,Exact identity retained; current stock and factory assembly acceptance not checked
R55,10.0k / 0.1%,RT0402BRD0710KL,F722_Heli:R_0402_1005Metric,20.750000,-8.500000,0.000000,top,Exact identity retained; current stock and factory assembly acceptance not checked
R56,100k / 1%,0402WGF1003TCE,F722_Heli:R_0402_1005Metric,14.780000,-3.550000,-165.000000,bottom,Exact identity retained; current stock and factory assembly acceptance not checked
R57,100k / 1%,0402WGF1003TCE,F722_Heli:R_0402_1005Metric,7.000000,-4.700000,0.000000,bottom,Exact identity retained; current stock and factory assembly acceptance not checked
R58,47k / 1%,0402WGF4702TCE,F722_Heli:R_0402_1005Metric,15.335000,-1.800000,90.000000,bottom,Exact identity retained; current stock and factory assembly acceptance not checked
R60,18.0k / 0.1%,RT0402BRD0718KL,F722_Heli:R_0402_1005Metric,29.300000,-0.700000,0.000000,bottom,Exact identity retained; current stock and factory assembly acceptance not checked
R61,10.0k / 0.1%,RT0402BRD0710KL,F722_Heli:R_0402_1005Metric,34.300000,-7.800000,0.000000,bottom,Exact identity retained; current stock and factory assembly acceptance not checked
R62,12.7k / 0.1%,RT0402BRD0712K7L,F722_Heli:R_0402_1005Metric,34.000000,-4.400000,0.000000,top,Exact identity retained; current stock and factory assembly acceptance not checked
R63,10.0k / 0.1%,RT0402BRD0710KL,F722_Heli:R_0402_1005Metric,34.150000,-5.400000,180.000000,top,Exact identity retained; current stock and factory assembly acceptance not checked
R64,10k / 1%,0402WGF1002TCE,F722_Heli:R_0402_1005Metric,22.650000,-3.300000,0.000000,bottom,Exact identity retained; current stock and factory assembly acceptance not checked
R65,330k / 1%,0402WGF3303TCE,F722_Heli:R_0402_1005Metric,34.000000,-6.400000,0.000000,top,Exact identity retained; current stock and factory assembly acceptance not checked
R66,80.6k / 1%,0402WGF8062TCE,F722_Heli:R_0402_1005Metric,30.780000,-8.180000,0.000000,bottom,Exact identity retained; current stock and factory assembly acceptance not checked
R67,66.5k / 1%,0402WGF6652TCE,F722_Heli:R_0402_1005Metric,35.900000,-14.100000,180.000000,bottom,Exact identity retained; current stock and factory assembly acceptance not checked
R68,1k / 1%,0402WGF1001TCE,F722_Heli:R_0402_1005Metric,36.450000,-5.050000,0.000000,top,Exact identity retained; current stock and factory assembly acceptance not checked
R69,10k / 1%,0402WGF1002TCE,F722_Heli:R_0402_1005Metric,32.299999,-9.200000,0.000000,bottom,Exact identity retained; current stock and factory assembly acceptance not checked
R70,45.3k / 1%,0402WGF4532TCE,F722_Heli:R_0402_1005Metric,17.300000,-22.800000,180.000000,bottom,Exact identity retained; current stock and factory assembly acceptance not checked
R71,100k / 1% / ROM RX idle,0402WGF1003TCE,F722_Heli:R_0402_1005Metric,33.400000,-14.400000,0.000000,bottom,Exact identity retained; current stock and factory assembly acceptance not checked
SW1,BOOT / KMT031NGJLHS,KMT031NGJLHS,F722_Heli:CK_KMT031NGJLHS,39.400000,-13.100000,0.000000,bottom,Exact identity retained; current stock and factory assembly acceptance not checked
U1,STM32F722RET6,STM32F722RET6,F722_Heli:LQFP-64_10x10mm_P0.5mm,20.959999,-13.800000,0.000000,bottom,Exact identity retained; current stock and factory assembly acceptance not checked
U2,ICM-42688-P,ICM-42688-P,F722_Heli:LGA-14_3x2.5mm_P0.5mm_LayoutBorder3x4y,23.209999,-11.600000,0.000000,top,Exact identity retained; current stock and factory assembly acceptance not checked
U3,W25N01GVZEIG / 128MiB,W25N01GVZEIG,F722_Heli:WSON-8-1EP_8x6mm_P1.27mm_EP3.4x4.3mm,34.700000,-22.000000,0.000000,bottom,Exact identity retained; current stock and factory assembly acceptance not checked
U4,DPS368XTSA1 / 0x76,DPS368XTSA1,F722_Heli:Infineon_DPS368_VLGA-8_2.5x2mm_SMD,1.600000,-20.700000,90.000000,bottom,Exact identity retained; current stock and factory assembly acceptance not checked
U5,TPS259472ARPWR,TPS259472ARPWR,F722_Heli:Texas_RPW0010A_TPS259472_2x2mm,12.060000,-16.450000,0.000000,top,Exact identity retained; current stock and factory assembly acceptance not checked
U6,TPS63070RNMR / nominal 5.088V,TPS63070RNMR,F722_Heli:Texas_RNM0015A_TPS63070_2.5x3mm,17.310000,-10.900000,180.000000,top,Exact identity retained; current stock and factory assembly acceptance not checked
U7,TPS2117DRLR / ABC priority mux,TPS2117DRLR,F722_Heli:SOT-583-8,16.100000,-5.600000,180.000000,bottom,Exact identity retained; current stock and factory assembly acceptance not checked
U8,TPS2121RUXR / BEC-priority core mux,TPS2121RUXR,F722_Heli:Texas_RUX0012A_TPS2121_2x2.5mm,29.500000,-5.800000,0.000000,bottom,Exact identity retained; current stock and factory assembly acceptance not checked
U9,TPS62162DSGR / 3.3V 1A,TPS62162DSGR,F722_Heli:Texas_DSG0008A_TPS62162_2x2mm_EP0.9x1.6mm,28.860000,-2.500000,0.000000,bottom,Exact identity retained; current stock and factory assembly acceptance not checked
U10,TPS2553DRVR / USB input limit,TPS2553DRVR,F722_Heli:Texas_DRV0006A_TPS2553_2x2mm_EP1x1.6mm,34.600000,-12.000000,180.000000,bottom,Exact identity retained; current stock and factory assembly acceptance not checked
U11,TPS2553DRVR / DSM output limit,TPS2553DRVR,F722_Heli:Texas_DRV0006A_TPS2553_2x2mm_EP1x1.6mm,20.000000,-22.500000,0.000000,bottom,Exact identity retained; current stock and factory assembly acceptance not checked
U12,USBLC6-4SC6 / header clamp,USBLC6-4SC6,F722_Heli:SOT-23-6,28.850000,-17.050000,180.000000,top,Exact identity retained; current stock and factory assembly acceptance not checked
U13,USBLC6-4SC6 / header clamp,USBLC6-4SC6,F722_Heli:SOT-23-6,12.200000,-21.400000,0.000000,bottom,Exact identity retained; current stock and factory assembly acceptance not checked
U14,TPD4E05U06DQAR / UART ESD,TPD4E05U06DQAR,F722_Heli:Texas_DQA0010B_TPD4E05U06_2.5x1mm,23.500000,-7.900000,90.000000,top,Exact identity retained; current stock and factory assembly acceptance not checked
U15,TPD4E05U06DQAR / UART ESD,TPD4E05U06DQAR,F722_Heli:Texas_DQA0010B_TPD4E05U06_2.5x1mm,32.705000,-17.150000,180.000000,top,Exact identity retained; current stock and factory assembly acceptance not checked
U16,"PESD15VS2UT,215 / 15V ESD","PESD15VS2UT,215",F722_Heli:SOT-23,22.000000,-21.900000,90.000000,top,Exact identity retained; current stock and factory assembly acceptance not checked
Y1,8MHz / CL10pF / TAXM8M4RDBCCT2T,TAXM8M4RDBCCT2T,F722_Heli:Crystal_SMD_3225-4Pin_3.2x2.5mm,11.900000,-13.300000,90.000000,bottom,Exact identity retained; current stock and factory assembly acceptance not checked
