Reference,Quantity,Value,Manufacturer,MPN,LCSC Part #,Footprint,Side,Assembly route,Supplier URL,Datasheet URL,Notes
C1,1,100nF / 16V / X7R,Samsung Electro-Mechanics,CL05B104KO5NNNC,C1525,F722_Heli:C_0402_1005Metric,bottom,SMT candidate,https://www.lcsc.com/product-detail/C1525.html,,Exact identity retained; current stock and factory assembly acceptance not checked
C2,1,100nF / 16V / X7R,Samsung Electro-Mechanics,CL05B104KO5NNNC,C1525,F722_Heli:C_0402_1005Metric,bottom,SMT candidate,https://www.lcsc.com/product-detail/C1525.html,,Exact identity retained; current stock and factory assembly acceptance not checked
C3,1,100nF / 16V / X7R,Samsung Electro-Mechanics,CL05B104KO5NNNC,C1525,F722_Heli:C_0402_1005Metric,bottom,SMT candidate,https://www.lcsc.com/product-detail/C1525.html,,Exact identity retained; current stock and factory assembly acceptance not checked
C4,1,100nF / 16V / X7R,Samsung Electro-Mechanics,CL05B104KO5NNNC,C1525,F722_Heli:C_0402_1005Metric,bottom,SMT candidate,https://www.lcsc.com/product-detail/C1525.html,,Exact identity retained; current stock and factory assembly acceptance not checked
C5,1,4.7uF / 10V / X5R,Samsung Electro-Mechanics,CL10A475KP8NNNC,C1705,F722_Heli:C_0603_1608Metric,bottom,SMT candidate,https://www.lcsc.com/product-detail/C1705.html,,Exact identity retained; current stock and factory assembly acceptance not checked
C6,1,100nF / 16V / X7R,Samsung Electro-Mechanics,CL05B104KO5NNNC,C1525,F722_Heli:C_0402_1005Metric,bottom,SMT candidate,https://www.lcsc.com/product-detail/C1525.html,,Exact identity retained; current stock and factory assembly acceptance not checked
C7,1,4.7uF / 10V / X7R,Murata,GRM188Z71A475KE15D,C913474,F722_Heli:C_0603_1608Metric,bottom,SMT candidate,https://www.lcsc.com/product-detail/C913474.html,https://search.murata.co.jp/Ceramy/image/img/A01X/G101/ENG/GRM188Z71A475KE15-01A.pdf,Exact identity retained; current stock and factory assembly acceptance not checked
C8,1,2.2uF / 10V / X7R(Murata),Murata,GRM155Z71A225KE44D,C2999759,F722_Heli:Murata_GRM155Z71A225KE44_0402,top,SMT candidate,https://jlcpcb.com/partdetail/MurataElectronics-GRM155Z71A225KE44D/C2999759,https://search.murata.co.jp/Ceramy/image/img/A01X/G101/ENG/GRM155Z71A225KE44-01A.pdf,Exact identity retained; current stock and factory assembly acceptance not checked
C9,1,100nF / 16V / X7R,Samsung Electro-Mechanics,CL05B104KO5NNNC,C1525,F722_Heli:C_0402_1005Metric,bottom,SMT candidate,https://www.lcsc.com/product-detail/C1525.html,,Exact identity retained; current stock and factory assembly acceptance not checked
C10,1,100nF / 16V / X7R,Samsung Electro-Mechanics,CL05B104KO5NNNC,C1525,F722_Heli:C_0402_1005Metric,top,SMT candidate,https://www.lcsc.com/product-detail/C1525.html,,Exact identity retained; current stock and factory assembly acceptance not checked
C11,1,10nF / 16V / X7R,Samsung Electro-Mechanics,CL05B103KO5NNNC,C318577,F722_Heli:C_0402_1005Metric,top,SMT candidate,https://www.lcsc.com/product-detail/C318577.html,,Exact identity retained; current stock and factory assembly acceptance not checked
C12,1,100nF / 16V / X7R,Samsung Electro-Mechanics,CL05B104KO5NNNC,C1525,F722_Heli:C_0402_1005Metric,top,SMT candidate,https://www.lcsc.com/product-detail/C1525.html,,Exact identity retained; current stock and factory assembly acceptance not checked
C13,1,2.2uF / 10V / X7R,Samsung Electro-Mechanics,CL10B225KP8NNNC,C100082,F722_Heli:C_0603_1608Metric,top,SMT candidate,https://www.lcsc.com/product-detail/C100082.html,,Exact identity retained; current stock and factory assembly acceptance not checked
C14,1,100nF / 16V / X7R,Samsung Electro-Mechanics,CL05B104KO5NNNC,C1525,F722_Heli:C_0402_1005Metric,bottom,SMT candidate,https://www.lcsc.com/product-detail/C1525.html,,Exact identity retained; current stock and factory assembly acceptance not checked
C15,1,1uF / 10V / X7R,Samsung Electro-Mechanics,CL10B105KP8NNNC,C95843,F722_Heli:C_0603_1608Metric,bottom,SMT candidate,https://www.lcsc.com/product-detail/C95843.html,,Exact identity retained; current stock and factory assembly acceptance not checked
C16,1,100nF / 16V / X7R,Samsung Electro-Mechanics,CL05B104KO5NNNC,C1525,F722_Heli:C_0402_1005Metric,bottom,SMT candidate,https://www.lcsc.com/product-detail/C1525.html,,Exact identity retained; current stock and factory assembly acceptance not checked
C17,1,100nF / 16V / X7R,Samsung Electro-Mechanics,CL05B104KO5NNNC,C1525,F722_Heli:C_0402_1005Metric,bottom,SMT candidate,https://www.lcsc.com/product-detail/C1525.html,,Exact identity retained; current stock and factory assembly acceptance not checked
C18,1,15pF / 50V / C0G,Samsung Electro-Mechanics,CL05C150JB5NNNC,C86285,F722_Heli:C_0402_1005Metric,bottom,SMT candidate,https://www.lcsc.com/product-detail/C86285.html,,Exact identity retained; current stock and factory assembly acceptance not checked
C19,1,15pF / 50V / C0G,Samsung Electro-Mechanics,CL05C150JB5NNNC,C86285,F722_Heli:C_0402_1005Metric,bottom,SMT candidate,https://www.lcsc.com/product-detail/C86285.html,,Exact identity retained; current stock and factory assembly acceptance not checked
C20,1,1uF / 16V / X7R,Samsung Electro-Mechanics,CL10B105KO8NNNC,C59782,F722_Heli:C_0603_1608Metric,bottom,SMT candidate,https://www.lcsc.com/product-detail/C59782.html,,Exact identity retained; current stock and factory assembly acceptance not checked
C30,1,220nF / 16V / X7R,Samsung Electro-Mechanics,CL05B224KO5NNNC,C16772,F722_Heli:C_0402_1005Metric,top,SMT candidate,https://jlcpcb.com/partdetail/17456-CL05B224KO5NNNC/C16772,,Exact identity retained; current stock and factory assembly acceptance not checked
C31,1,220nF / 16V / X7R,Samsung Electro-Mechanics,CL05B224KO5NNNC,C16772,F722_Heli:C_0402_1005Metric,bottom,SMT candidate,https://jlcpcb.com/partdetail/17456-CL05B224KO5NNNC/C16772,,Exact identity retained; current stock and factory assembly acceptance not checked
C50,1,3.3nF / 50V / C0G,Murata,GRM1555C1H332JE01D,C1518207,F722_Heli:C_0402_1005Metric,bottom,SMT candidate,https://www.lcsc.com/product-detail/C1518207.html,https://search.murata.co.jp/Ceramy/image/img/A01X/G101/ENG/GRM1555C1H332JE01-01A.pdf,Exact identity retained; current stock and factory assembly acceptance not checked
C51,1,1uF / 25V / X7R,Samsung Electro-Mechanics,CL10B105KA8NNNC,C29936,F722_Heli:C_0603_1608Metric,bottom,SMT candidate,https://www.lcsc.com/product-detail/C29936.html,,Exact identity retained; current stock and factory assembly acceptance not checked
C52,1,1uF / 25V / X7R,Samsung Electro-Mechanics,CL10B105KA8NNNC,C29936,F722_Heli:C_0603_1608Metric,bottom,SMT candidate,https://www.lcsc.com/product-detail/C29936.html,,Exact identity retained; current stock and factory assembly acceptance not checked
C53,1,22uF / 25V / X5R,Murata,GRM21BR61E226ME44L,C86816,F722_Heli:C_0805_2012Metric,bottom,SMT candidate,https://www.lcsc.com/product-detail/C86816.html,,Exact identity retained; current stock and factory assembly acceptance not checked
C54,1,22uF / 25V / X5R,Murata,GRM21BR61E226ME44L,C86816,F722_Heli:C_0805_2012Metric,top,SMT candidate,https://www.lcsc.com/product-detail/C86816.html,,Exact identity retained; current stock and factory assembly acceptance not checked
C55,1,47uF / 10V / X5R,Murata,GRM21BR61A476ME15L,C124129,F722_Heli:C_0805_2012Metric,top,SMT candidate,https://www.lcsc.com/product-detail/C124129.html,,Exact identity retained; current stock and factory assembly acceptance not checked
C56,1,47uF / 10V / X5R,Murata,GRM21BR61A476ME15L,C124129,F722_Heli:C_0805_2012Metric,bottom,SMT candidate,https://www.lcsc.com/product-detail/C124129.html,,Exact identity retained; current stock and factory assembly acceptance not checked
C57,1,47uF / 10V / X5R,Murata,GRM21BR61A476ME15L,C124129,F722_Heli:C_0805_2012Metric,bottom,SMT candidate,https://www.lcsc.com/product-detail/C124129.html,,Exact identity retained; current stock and factory assembly acceptance not checked
C58,1,100nF / 16V / X7R,Samsung Electro-Mechanics,CL05B104KO5NNNC,C1525,F722_Heli:C_0402_1005Metric,top,SMT candidate,https://www.lcsc.com/product-detail/C1525.html,,Exact identity retained; current stock and factory assembly acceptance not checked
C59,1,1uF / 10V / X7R,Samsung Electro-Mechanics,CL10B105KP8NNNC,C95843,F722_Heli:C_0603_1608Metric,bottom,SMT candidate,https://www.lcsc.com/product-detail/C95843.html,,Exact identity retained; current stock and factory assembly acceptance not checked
C60,1,2.2uF / 10V / X7R(Murata),Murata,GRM155Z71A225KE44D,C2999759,F722_Heli:Murata_GRM155Z71A225KE44_0402,bottom,SMT candidate,https://jlcpcb.com/partdetail/MurataElectronics-GRM155Z71A225KE44D/C2999759,https://search.murata.co.jp/Ceramy/image/img/A01X/G101/ENG/GRM155Z71A225KE44-01A.pdf,Exact identity retained; current stock and factory assembly acceptance not checked
C61,1,4.7uF / 10V / X7R,Murata,GRM188Z71A475KE15D,C913474,F722_Heli:C_0603_1608Metric,bottom,SMT candidate,https://www.lcsc.com/product-detail/C913474.html,https://search.murata.co.jp/Ceramy/image/img/A01X/G101/ENG/GRM188Z71A475KE15-01A.pdf,Exact identity retained; current stock and factory assembly acceptance not checked
C62,1,100nF / 25V / X7R,Samsung Electro-Mechanics,CL05B104KA5NNNC,C155422,F722_Heli:C_0402_1005Metric,bottom,SMT candidate,https://www.lcsc.com/product-detail/C155422.html,,Exact identity retained; current stock and factory assembly acceptance not checked
C63,1,1nF / 50V / C0G,Samsung Electro-Mechanics,CL05C102JB5NNNC,C307441,F722_Heli:C_0402_1005Metric,bottom,SMT candidate,https://www.lcsc.com/product-detail/C307441.html,,Exact identity retained; current stock and factory assembly acceptance not checked
C64,1,1uF / 25V / X7R,Samsung Electro-Mechanics,CL10B105KA8NNNC,C29936,F722_Heli:C_0603_1608Metric,top,SMT candidate,https://www.lcsc.com/product-detail/C29936.html,,Exact identity retained; current stock and factory assembly acceptance not checked
C65,1,1uF / 10V / X7R,Samsung Electro-Mechanics,CL10B105KP8NNNC,C95843,F722_Heli:C_0603_1608Metric,bottom,SMT candidate,https://www.lcsc.com/product-detail/C95843.html,,Exact identity retained; current stock and factory assembly acceptance not checked
C66,1,22uF / 25V / X5R,Murata,GRM21BR61E226ME44L,C86816,F722_Heli:C_0805_2012Metric,bottom,SMT candidate,https://www.lcsc.com/product-detail/C86816.html,,Exact identity retained; current stock and factory assembly acceptance not checked
C67,1,22uF / 10V / X7R,Murata,GRM21BZ71A226ME15L,C907991,F722_Heli:C_0805_2012Metric,bottom,SMT candidate,https://www.lcsc.com/product-detail/C907991.html,,Exact identity retained; current stock and factory assembly acceptance not checked
C68,1,4.7uF / 10V / X7R,Murata,GRM188Z71A475KE15D,C913474,F722_Heli:C_0603_1608Metric,bottom,SMT candidate,https://www.lcsc.com/product-detail/C913474.html,https://search.murata.co.jp/Ceramy/image/img/A01X/G101/ENG/GRM188Z71A475KE15-01A.pdf,Exact identity retained; current stock and factory assembly acceptance not checked
C69,1,1uF / 10V / X7R,Samsung Electro-Mechanics,CL10B105KP8NNNC,C95843,F722_Heli:C_0603_1608Metric,bottom,SMT candidate,https://www.lcsc.com/product-detail/C95843.html,,Exact identity retained; current stock and factory assembly acceptance not checked
C70,1,4.7uF / 10V / X7R,Murata,GRM188Z71A475KE15D,C913474,F722_Heli:C_0603_1608Metric,bottom,SMT candidate,https://www.lcsc.com/product-detail/C913474.html,https://search.murata.co.jp/Ceramy/image/img/A01X/G101/ENG/GRM188Z71A475KE15-01A.pdf,Exact identity retained; current stock and factory assembly acceptance not checked
C71,1,22uF / 25V / X5R,Murata,GRM21BR61E226ME44L,C86816,F722_Heli:C_0805_2012Metric,top,SMT candidate,https://www.lcsc.com/product-detail/C86816.html,,Exact identity retained; current stock and factory assembly acceptance not checked
C72,1,10uF / 25V / X5R / HF,Taiyo Yuden,TMK107BBJ106MA-T,C386081,F722_Heli:C_0603_1608Metric,top,SMT candidate,https://jlcpcb.com/partdetail/TaiyoYuden-TMK107BBJ106MAT/C386081,https://www.ti.com/lit/ds/symlink/tps63070.pdf,Exact identity retained; current stock and factory assembly acceptance not checked
C73,1,10uF / 25V / X5R / HF,Taiyo Yuden,TMK107BBJ106MA-T,C386081,F722_Heli:C_0603_1608Metric,top,SMT candidate,https://jlcpcb.com/partdetail/TaiyoYuden-TMK107BBJ106MAT/C386081,https://www.ti.com/lit/ds/symlink/tps63070.pdf,Exact identity retained; current stock and factory assembly acceptance not checked
C74,1,1uF / 25V / X7R,Samsung Electro-Mechanics,CL10B105KA8NNNC,C29936,F722_Heli:C_0603_1608Metric,top,SMT candidate,https://www.lcsc.com/product-detail/C29936.html,,Exact identity retained; current stock and factory assembly acceptance not checked
C75,1,47uF / 10V / X5R,Murata,GRM21BR61A476ME15L,C124129,F722_Heli:C_0805_2012Metric,top,SMT candidate,https://www.lcsc.com/product-detail/C124129.html,,Exact identity retained; current stock and factory assembly acceptance not checked
D1,1,GREEN,Hubei KENTO Elec,KT-0603YG,C2289,F722_Heli:LED_0603_1608Metric,top,SMT candidate,https://jlcpcb.com/partdetail/C2289,https://datasheet.lcsc.com/datasheet/pdf/26e5131f4b051119ebc8b24acf5eb4fa.pdf?productCode=C2289,Exact identity retained; current stock and factory assembly acceptance not checked
D2,1,RED,Hubei KENTO Elec,KT-0603R,C2286,F722_Heli:LED_0603_1608Metric,top,SMT candidate,https://jlcpcb.com/partdetail/C2286,https://datasheet.lcsc.com/datasheet/pdf/011ec3e8cb1e825f6961d29bc4db4c7a.pdf?productCode=C2286,Exact identity retained; current stock and factory assembly acceptance not checked
D3,1,ESD9M5.0ST5G,onsemi,ESD9M5.0ST5G,C242267,F722_Heli:D_SOD-923,top,SMT candidate,https://jlcpcb.com/partdetail/C242267,https://www.onsemi.com/download/data-sheet/pdf/esd9m5.0s-d.pdf,Exact identity retained; current stock and factory assembly acceptance not checked
D4,1,ESD9M5.0ST5G,onsemi,ESD9M5.0ST5G,C242267,F722_Heli:D_SOD-923,top,SMT candidate,https://jlcpcb.com/partdetail/C242267,https://www.onsemi.com/download/data-sheet/pdf/esd9m5.0s-d.pdf,Exact identity retained; current stock and factory assembly acceptance not checked
D5,1,ESD9M5.0ST5G,onsemi,ESD9M5.0ST5G,C242267,F722_Heli:D_SOD-923,top,SMT candidate,https://jlcpcb.com/partdetail/C242267,https://www.onsemi.com/download/data-sheet/pdf/esd9m5.0s-d.pdf,Exact identity retained; current stock and factory assembly acceptance not checked
D6,1,ESD9M5.0ST5G,onsemi,ESD9M5.0ST5G,C242267,F722_Heli:D_SOD-923,top,SMT candidate,https://jlcpcb.com/partdetail/C242267,https://www.onsemi.com/download/data-sheet/pdf/esd9m5.0s-d.pdf,Exact identity retained; current stock and factory assembly acceptance not checked
D7,1,ESD9M5.0ST5G,onsemi,ESD9M5.0ST5G,C242267,F722_Heli:D_SOD-923,bottom,SMT candidate,https://jlcpcb.com/partdetail/C242267,https://www.onsemi.com/download/data-sheet/pdf/esd9m5.0s-d.pdf,Exact identity retained; current stock and factory assembly acceptance not checked
D8,1,SMF5.0A / transient only,Littelfuse,SMF5.0A,C151296,F722_Heli:Littelfuse_SMF_SOD123FL,bottom,SMT candidate,https://jlcpcb.com/partdetail/Littelfuse-SMF50A/C151296,,Exact identity retained; current stock and factory assembly acceptance not checked
D9,1,SMF15CA / bidirectional,Littelfuse,SMF15CA,C1851361,F722_Heli:Littelfuse_SMF_SOD123FL,bottom,SMT candidate,https://jlcpcb.com/partdetail/C1851361,,Exact identity retained; current stock and factory assembly acceptance not checked
FB1,1,600R@100MHz / 0.3A,Murata,BLM15AG601SN1D,C76884,F722_Heli:Murata_BLM15AG_0402,bottom,SMT candidate,https://jlcpcb.com/partdetail/BLM15AG601SN1D/C76884,https://www.murata.com/products/productdata/8796740059166/ENFA0018.pdf?1730777411000=,Exact identity retained; current stock and factory assembly acceptance not checked
FB2,1,600R@100MHz / 0.3A,Murata,BLM15AG601SN1D,C76884,F722_Heli:Murata_BLM15AG_0402,top,SMT candidate,https://jlcpcb.com/partdetail/BLM15AG601SN1D/C76884,https://www.murata.com/products/productdata/8796740059166/ENFA0018.pdf?1730777411000=,Exact identity retained; current stock and factory assembly acceptance not checked
J1,1,USB4145-03-0170-C,GCT,USB4145-03-0170-C,C5181332,F722_Heli:USB_C_Receptacle_GCT_USB4145-03-0170-C_16P_Vertical,top,SMT candidate,https://jlcpcb.com/partdetail/5839804-USB4145_03_0170C/C5181332,https://gct.co/download?name=USB4145.pdf&type=PDFDrawing,GCT vertical USB; mixed SMT/PTH; machine CPL covers placement only; solder all four plated shell slots; no shell paste; factory process/pickup/orientation approval required
J2,1,S1 / GND-VX-S,Samtec,HTSW-101-08-L-T-RA,,F722_Heli:Samtec_HTSW-101-08-L-T-RA_TripleRow_OpenEdgeSilk,top,Manual/THT,https://il.farnell.com/samtec/htsw-101-08-l-t-ra/pin-header-r-a-3pos-3row-2-54mm/dp/3685071,https://suddendocs.samtec.com/prints/htsw-xxx-xx-xxx-x-xx-xx-xx-mkt.pdf,Samtec exact HTSW-101-08-L-T-RA; no LCSC code; separate procurement and THT/manual assembly required; confirm actual supply and assembler handling
J3,1,S2 / GND-VX-S,Samtec,HTSW-101-08-L-T-RA,,F722_Heli:Samtec_HTSW-101-08-L-T-RA_TripleRow_OpenEdgeSilk,top,Manual/THT,https://il.farnell.com/samtec/htsw-101-08-l-t-ra/pin-header-r-a-3pos-3row-2-54mm/dp/3685071,https://suddendocs.samtec.com/prints/htsw-xxx-xx-xxx-x-xx-xx-xx-mkt.pdf,Samtec exact HTSW-101-08-L-T-RA; no LCSC code; separate procurement and THT/manual assembly required; confirm actual supply and assembler handling
J4,1,S3 / GND-VX-S,Samtec,HTSW-101-08-L-T-RA,,F722_Heli:Samtec_HTSW-101-08-L-T-RA_TripleRow_OpenEdgeSilk,top,Manual/THT,https://il.farnell.com/samtec/htsw-101-08-l-t-ra/pin-header-r-a-3pos-3row-2-54mm/dp/3685071,https://suddendocs.samtec.com/prints/htsw-xxx-xx-xxx-x-xx-xx-xx-mkt.pdf,Samtec exact HTSW-101-08-L-T-RA; no LCSC code; separate procurement and THT/manual assembly required; confirm actual supply and assembler handling
J5,1,TAIL / GND-VX-S,Samtec,HTSW-101-08-L-T-RA,,F722_Heli:Samtec_HTSW-101-08-L-T-RA_TripleRow_OpenEdgeSilk,top,Manual/THT,https://il.farnell.com/samtec/htsw-101-08-l-t-ra/pin-header-r-a-3pos-3row-2-54mm/dp/3685071,https://suddendocs.samtec.com/prints/htsw-xxx-xx-xxx-x-xx-xx-xx-mkt.pdf,Samtec exact HTSW-101-08-L-T-RA; no LCSC code; separate procurement and THT/manual assembly required; confirm actual supply and assembler handling
J6,1,ESC / GND-VX-S,Samtec,HTSW-101-08-L-T-RA,,F722_Heli:Samtec_HTSW-101-08-L-T-RA_TripleRow_OpenEdgeSilk,top,Manual/THT,https://il.farnell.com/samtec/htsw-101-08-l-t-ra/pin-header-r-a-3pos-3row-2-54mm/dp/3685071,https://suddendocs.samtec.com/prints/htsw-xxx-xx-xxx-x-xx-xx-xx-mkt.pdf,Samtec exact HTSW-101-08-L-T-RA; no LCSC code; separate procurement and THT/manual assembly required; confirm actual supply and assembler handling
J7,1,RPM / GND-VX-S,Samtec,HTSW-101-08-L-T-RA,,F722_Heli:Samtec_HTSW-101-08-L-T-RA_TripleRow_OpenEdgeSilk,top,Manual/THT,https://il.farnell.com/samtec/htsw-101-08-l-t-ra/pin-header-r-a-3pos-3row-2-54mm/dp/3685071,https://suddendocs.samtec.com/prints/htsw-xxx-xx-xxx-x-xx-xx-xx-mkt.pdf,Samtec exact HTSW-101-08-L-T-RA; no LCSC code; separate procurement and THT/manual assembly required; confirm actual supply and assembler handling
J8,1,SBUS / GND-VX-S,Samtec,HTSW-101-08-L-T-RA,,F722_Heli:Samtec_HTSW-101-08-L-T-RA_TripleRow_OpenEdgeSilk,top,Manual/THT,https://il.farnell.com/samtec/htsw-101-08-l-t-ra/pin-header-r-a-3pos-3row-2-54mm/dp/3685071,https://suddendocs.samtec.com/prints/htsw-xxx-xx-xxx-x-xx-xx-xx-mkt.pdf,Samtec exact HTSW-101-08-L-T-RA; no LCSC code; separate procurement and THT/manual assembly required; confirm actual supply and assembler handling
J9,1,PORT A / JST GH,JST,BM04B-GHS-TBT(LF)(SN),C161692,F722_Heli:JST_GH_BM04B-GHS-TBT_1x04-1MP_P1.25mm_Vertical,top,SMT candidate,https://jlcpcb.com/partdetail/C161692,https://www.jst-mfg.com/product/pdf/jpn/GH.pdf,Exact identity retained; current stock and factory assembly acceptance not checked
J10,1,PORT B / JST GH,JST,BM04B-GHS-TBT(LF)(SN),C161692,F722_Heli:JST_GH_BM04B-GHS-TBT_1x04-1MP_P1.25mm_Vertical,top,SMT candidate,https://jlcpcb.com/partdetail/C161692,https://www.jst-mfg.com/product/pdf/jpn/GH.pdf,Exact identity retained; current stock and factory assembly acceptance not checked
J11,1,PORT C / JST GH,JST,BM04B-GHS-TBT(LF)(SN),C161692,F722_Heli:JST_GH_BM04B-GHS-TBT_1x04-1MP_P1.25mm_Vertical,top,SMT candidate,https://jlcpcb.com/partdetail/C161692,https://www.jst-mfg.com/product/pdf/jpn/GH.pdf,Exact identity retained; current stock and factory assembly acceptance not checked
J12,1,DSM / JST ZH,JST,B3B-ZR-SM4-TF(LF)(SN),C489717,F722_Heli:JST_ZH_B3B-ZR-SM4-TF_1x03-1MP_P1.50mm_Vertical,top,SMT candidate,https://jlcpcb.com/partdetail/Jst-B3B_ZR_SM4_TF_LF_SN/C489717,https://www.jst-mfg.com/product/pdf/eng/eZR.pdf,Exact identity retained; current stock and factory assembly acceptance not checked
L1,1,1.5uH / XGL4020-152MEC,Coilcraft,XGL4020-152MEC,C7417180,F722_Heli:Coilcraft_XGL4020,top,SMT candidate,https://jlcpcb.com/partdetail/Coilcraft-XGL4020152MEC/C7417180,,Exact identity retained; current stock and factory assembly acceptance not checked
L2,1,3.3uH / DFE322512F,Murata,DFE322512F-3R3M=P2,C3221010,F722_Heli:Murata_DFE322512F,bottom,SMT candidate,https://jlcpcb.com/partdetail/3784028-DFE322512F_3R3MP2/C3221010,,Exact identity retained; current stock and factory assembly acceptance not checked
Q1,1,BSS138LT1G,onsemi,BSS138LT1G,C82045,F722_Heli:SOT-23,bottom,SMT candidate,https://jlcpcb.com/partdetail/onsemi-BSS138LT1G/C82045,https://www.onsemi.com/pdf/datasheet/bss138lt1-d.pdf,Exact identity retained; current stock and factory assembly acceptance not checked
Q2,1,BSS138LT1G,onsemi,BSS138LT1G,C82045,F722_Heli:SOT-23,bottom,SMT candidate,https://jlcpcb.com/partdetail/onsemi-BSS138LT1G/C82045,https://www.onsemi.com/pdf/datasheet/bss138lt1-d.pdf,Exact identity retained; current stock and factory assembly acceptance not checked
R1,1,10k / 1%,UNI-ROYAL (Uniroyal Elec),0402WGF1002TCE,C25744,F722_Heli:R_0402_1005Metric,top,SMT candidate,https://jlcpcb.com/partdetail/26487-0402WGF1002TCE/C25744,,Exact identity retained; current stock and factory assembly acceptance not checked
R2,1,2.2k / 1%,UNI-ROYAL (Uniroyal Elec),0402WGF2201TCE,C25879,F722_Heli:R_0402_1005Metric,top,SMT candidate,https://jlcpcb.com/partdetail/26622-0402WGF2201TCE/C25879,,Exact identity retained; current stock and factory assembly acceptance not checked
R3,1,10k / 1%,UNI-ROYAL (Uniroyal Elec),0402WGF1002TCE,C25744,F722_Heli:R_0402_1005Metric,top,SMT candidate,https://jlcpcb.com/partdetail/26487-0402WGF1002TCE/C25744,,Exact identity retained; current stock and factory assembly acceptance not checked
R4,1,10k / 1%,UNI-ROYAL (Uniroyal Elec),0402WGF1002TCE,C25744,F722_Heli:R_0402_1005Metric,bottom,SMT candidate,https://jlcpcb.com/partdetail/26487-0402WGF1002TCE/C25744,,Exact identity retained; current stock and factory assembly acceptance not checked
R5,1,10k / 1%,UNI-ROYAL (Uniroyal Elec),0402WGF1002TCE,C25744,F722_Heli:R_0402_1005Metric_R5_ClearPin1Silk,bottom,SMT candidate,https://jlcpcb.com/partdetail/26487-0402WGF1002TCE/C25744,,Exact identity retained; current stock and factory assembly acceptance not checked
R6,1,10k / 1%,UNI-ROYAL (Uniroyal Elec),0402WGF1002TCE,C25744,F722_Heli:R_0402_1005Metric,bottom,SMT candidate,https://jlcpcb.com/partdetail/26487-0402WGF1002TCE/C25744,,Exact identity retained; current stock and factory assembly acceptance not checked
R7,1,4.7k / 1%,UNI-ROYAL (Uniroyal Elec),0402WGF4701TCE,C25900,F722_Heli:R_0402_1005Metric,bottom,SMT candidate,https://jlcpcb.com/partdetail/26643-0402WGF4701TCE/C25900,,Exact identity retained; current stock and factory assembly acceptance not checked
R8,1,4.7k / 1%,UNI-ROYAL (Uniroyal Elec),0402WGF4701TCE,C25900,F722_Heli:R_0402_1005Metric,bottom,SMT candidate,https://jlcpcb.com/partdetail/26643-0402WGF4701TCE/C25900,,Exact identity retained; current stock and factory assembly acceptance not checked
R9,1,0R / drive tuning,UNI-ROYAL (Uniroyal Elec),0402WGF0000TCE,C17168,F722_Heli:R_0402_1005Metric,bottom,SMT candidate,https://jlcpcb.com/partdetail/17853-0402WGF0000TCE/C17168,,Exact identity retained; current stock and factory assembly acceptance not checked
R10,1,2.2k / 1%,UNI-ROYAL (Uniroyal Elec),0402WGF2201TCE,C25879,F722_Heli:R_0402_1005Metric,top,SMT candidate,https://jlcpcb.com/partdetail/26622-0402WGF2201TCE/C25879,,Exact identity retained; current stock and factory assembly acceptance not checked
R11,1,2.2k / 1%,UNI-ROYAL (Uniroyal Elec),0402WGF2201TCE,C25879,F722_Heli:R_0402_1005Metric,top,SMT candidate,https://jlcpcb.com/partdetail/26622-0402WGF2201TCE/C25879,,Exact identity retained; current stock and factory assembly acceptance not checked
R14,1,5.1k / 1%,UNI-ROYAL (Uniroyal Elec),0402WGF5101TCE,C25905,F722_Heli:R_0402_1005Metric,top,SMT candidate,https://jlcpcb.com/partdetail/26648-0402WGF5101TCE/C25905,,Exact identity retained; current stock and factory assembly acceptance not checked
R15,1,5.1k / 1%,UNI-ROYAL (Uniroyal Elec),0402WGF5101TCE,C25905,F722_Heli:R_0402_1005Metric,top,SMT candidate,https://jlcpcb.com/partdetail/26648-0402WGF5101TCE/C25905,,Exact identity retained; current stock and factory assembly acceptance not checked
R16,1,0.12R / 1% / VCAP ESR,Panasonic,ERJ3RSFR12V,C4059772,F722_Heli:R_Panasonic_ERJ3R_0603,bottom,SMT candidate,https://jlcpcb.com/partdetail/PANASONIC-ERJ-3RSFR12V/C4059772,https://industrial.panasonic.com/cdbs/www-data/pdf/RDN0000/AOA0000C313.pdf,HOLD: exact ERJ3RSFR12V/C4059772; assembly supply pending confirmation/private-stock route; no substitute; installed R16/C7/copper-loop qualification pending
R20,1,470R / 1% / 0.20W,Panasonic,ERJPA2F4700X,C427238,F722_Heli:Panasonic_ERJPA2_0402,bottom,SMT candidate,https://jlcpcb.com/partdetail/PANASONIC-ERJPA2F4700X/C427238,https://industrial.panasonic.com/cdbs/www-data/pdf/RDO0000/AOA0000C331.pdf,Exact identity retained; current stock and factory assembly acceptance not checked
R21,1,470R / 1% / 0.20W,Panasonic,ERJPA2F4700X,C427238,F722_Heli:Panasonic_ERJPA2_0402,bottom,SMT candidate,https://jlcpcb.com/partdetail/PANASONIC-ERJPA2F4700X/C427238,https://industrial.panasonic.com/cdbs/www-data/pdf/RDO0000/AOA0000C331.pdf,Exact identity retained; current stock and factory assembly acceptance not checked
R22,1,470R / 1% / 0.20W,Panasonic,ERJPA2F4700X,C427238,F722_Heli:Panasonic_ERJPA2_0402,bottom,SMT candidate,https://jlcpcb.com/partdetail/PANASONIC-ERJPA2F4700X/C427238,https://industrial.panasonic.com/cdbs/www-data/pdf/RDO0000/AOA0000C331.pdf,Exact identity retained; current stock and factory assembly acceptance not checked
R23,1,470R / 1% / 0.20W,Panasonic,ERJPA2F4700X,C427238,F722_Heli:Panasonic_ERJPA2_0402,bottom,SMT candidate,https://jlcpcb.com/partdetail/PANASONIC-ERJPA2F4700X/C427238,https://industrial.panasonic.com/cdbs/www-data/pdf/RDO0000/AOA0000C331.pdf,Exact identity retained; current stock and factory assembly acceptance not checked
R24,1,470R / 1% / 0.20W,Panasonic,ERJPA2F4700X,C427238,F722_Heli:Panasonic_ERJPA2_0402,bottom,SMT candidate,https://jlcpcb.com/partdetail/PANASONIC-ERJPA2F4700X/C427238,https://industrial.panasonic.com/cdbs/www-data/pdf/RDO0000/AOA0000C331.pdf,Exact identity retained; current stock and factory assembly acceptance not checked
R25,1,470R / 1% / 0.20W,Panasonic,ERJPA2F4700X,C427238,F722_Heli:Panasonic_ERJPA2_0402,top,SMT candidate,https://jlcpcb.com/partdetail/PANASONIC-ERJPA2F4700X/C427238,https://industrial.panasonic.com/cdbs/www-data/pdf/RDO0000/AOA0000C331.pdf,Exact identity retained; current stock and factory assembly acceptance not checked
R26,1,470R / 1% / 0.20W,Panasonic,ERJPA2F4700X,C427238,F722_Heli:Panasonic_ERJPA2_0402,top,SMT candidate,https://jlcpcb.com/partdetail/PANASONIC-ERJPA2F4700X/C427238,https://industrial.panasonic.com/cdbs/www-data/pdf/RDO0000/AOA0000C331.pdf,Exact identity retained; current stock and factory assembly acceptance not checked
R30,1,22R / 1%,UNI-ROYAL (Uniroyal Elec),0402WGF220JTCE,C25092,F722_Heli:R_0402_1005Metric,bottom,SMT candidate,https://jlcpcb.com/partdetail/25835-0402WGF220JTCE/C25092,,Exact identity retained; current stock and factory assembly acceptance not checked
R31,1,22R / 1%,YAGEO,AC0201FR-0722RL,C144830,F722_YAGEO:R_0201_0603Metric_YAGEO_AC,top,SMT candidate,https://jlcpcb.com/partdetail/YAGEO-AC0201FR0722RL/C144830,https://www.yageogroup.com/component-documentation/download/specsheet/AC0201FR-0722RL,YAGEO AC0201FR-0722RL/C144830; 0201; 0.05 W (50 mW); do not substitute former larger-package rating
R32,1,22R / 1%,UNI-ROYAL (Uniroyal Elec),0402WGF220JTCE,C25092,F722_Heli:R_0402_1005Metric,top,SMT candidate,https://jlcpcb.com/partdetail/25835-0402WGF220JTCE/C25092,,Exact identity retained; current stock and factory assembly acceptance not checked
R33,1,22R / 1%,UNI-ROYAL (Uniroyal Elec),0402WGF220JTCE,C25092,F722_Heli:R_0402_1005Metric,bottom,SMT candidate,https://jlcpcb.com/partdetail/25835-0402WGF220JTCE/C25092,,Exact identity retained; current stock and factory assembly acceptance not checked
R34,1,22R / 1%,UNI-ROYAL (Uniroyal Elec),0402WGF220JTCE,C25092,F722_Heli:R_0402_1005Metric,bottom,SMT candidate,https://jlcpcb.com/partdetail/25835-0402WGF220JTCE/C25092,,Exact identity retained; current stock and factory assembly acceptance not checked
R35,1,22R / 1%,UNI-ROYAL (Uniroyal Elec),0402WGF220JTCE,C25092,F722_Heli:R_0402_1005Metric,bottom,SMT candidate,https://jlcpcb.com/partdetail/25835-0402WGF220JTCE/C25092,,Exact identity retained; current stock and factory assembly acceptance not checked
R36,1,4.7k / 1%,UNI-ROYAL (Uniroyal Elec),0402WGF4701TCE,C25900,F722_Heli:R_0402_1005Metric,top,SMT candidate,https://jlcpcb.com/partdetail/26643-0402WGF4701TCE/C25900,,Exact identity retained; current stock and factory assembly acceptance not checked
R37,1,4.7k / 1%,UNI-ROYAL (Uniroyal Elec),0402WGF4701TCE,C25900,F722_Heli:R_0402_1005Metric,bottom,SMT candidate,https://jlcpcb.com/partdetail/26643-0402WGF4701TCE/C25900,,Exact identity retained; current stock and factory assembly acceptance not checked
R38,1,22R / 1%,UNI-ROYAL (Uniroyal Elec),0402WGF220JTCE,C25092,F722_Heli:R_0402_1005Metric,bottom,SMT candidate,https://jlcpcb.com/partdetail/25835-0402WGF220JTCE/C25092,,Exact identity retained; current stock and factory assembly acceptance not checked
R39,1,220R / 1%,UNI-ROYAL (Uniroyal Elec),0402WGF2200TCE,C25091,F722_Heli:R_0402_1005Metric,bottom,SMT candidate,https://jlcpcb.com/partdetail/25834-0402WGF2200TCE/C25091,,Exact identity retained; current stock and factory assembly acceptance not checked
R40,1,105k / 0.1%,Viking Tech,ARG02BTC1053,C2984407,F722_Heli:R_0402_1005Metric,top,SMT candidate,https://jlcpcb.com/partdetail/VikingTech-ARG02BTC1053/C2984407,,Exact identity retained; current stock and factory assembly acceptance not checked
R41,1,20.0k / 0.1%,YAGEO,RT0402BRD0720KL,C705630,F722_Heli:R_0402_1005Metric,top,SMT candidate,https://jlcpcb.com/partdetail/YAGEO-RT0402BRD0720KL/C705630,,Exact identity retained; current stock and factory assembly acceptance not checked
R42,1,68.0k / 0.1%,Viking Tech,ARG02BTC6802,C5266108,F722_Heli:R_0402_1005Metric,top,SMT candidate,https://jlcpcb.com/partdetail/VikingTech-ARG02BTC6802/C5266108,,Exact identity retained; current stock and factory assembly acceptance not checked
R43,1,16.0k / 0.1%,YAGEO,RT0402BRD0716KL,C513647,F722_Heli:R_0402_1005Metric,top,SMT candidate,https://jlcpcb.com/partdetail/YAGEO-RT0402BRD0716KL/C513647,,Exact identity retained; current stock and factory assembly acceptance not checked
R44,1,16.0k / 0.1%,YAGEO,RT0402BRD0716KL,C513647,F722_Heli:R_0402_1005Metric,top,SMT candidate,https://jlcpcb.com/partdetail/YAGEO-RT0402BRD0716KL/C513647,,Exact identity retained; current stock and factory assembly acceptance not checked
R45,1,220R / 1%,UNI-ROYAL (Uniroyal Elec),0402WGF2200TCE,C25091,F722_Heli:R_0402_1005Metric,bottom,SMT candidate,https://jlcpcb.com/partdetail/25834-0402WGF2200TCE/C25091,,Exact identity retained; current stock and factory assembly acceptance not checked
R50,1,1.5M / 1%,UNI-ROYAL (Uniroyal Elec),0402WGF1504TCE,C22276,F722_Heli:R_0402_1005Metric,bottom,SMT candidate,https://jlcpcb.com/partdetail/23001-0402WGF1504TCE/C22276,,Exact identity retained; current stock and factory assembly acceptance not checked
R51,1,390k / 1%,UNI-ROYAL (Uniroyal Elec),0402WGF3903TCE,C25782,F722_Heli:R_0402_1005Metric,bottom,SMT candidate,https://jlcpcb.com/partdetail/26525-0402WGF3903TCE/C25782,,Exact identity retained; current stock and factory assembly acceptance not checked
R52,1,750R / 1%,UNI-ROYAL (Uniroyal Elec),0402WGF7500TCE,C25132,F722_Heli:R_0402_1005Metric,top,SMT candidate,https://jlcpcb.com/partdetail/25875-0402WGF7500TCE/C25132,,Exact identity retained; current stock and factory assembly acceptance not checked
R53,1,4.7k / 1%,Panasonic,ERJPA2F4701X,C427244,F722_Heli:Panasonic_ERJPA2_0402,bottom,SMT candidate,https://jlcpcb.com/partdetail/Panasonic-ERJPA2F4701X/C427244,https://industrial.panasonic.com/cdbs/www-data/pdf/RDO0000/AOA0000C331.pdf,Exact identity retained; current stock and factory assembly acceptance not checked
R54,1,53.6k / 0.1%,YAGEO,RT0402BRD0753K6L,C852835,F722_Heli:R_0402_1005Metric,top,SMT candidate,https://jlcpcb.com/partdetail/YAGEO-RT0402BRD0753K6L/C852835,,Exact identity retained; current stock and factory assembly acceptance not checked
R55,1,10.0k / 0.1%,YAGEO,RT0402BRD0710KL,C190095,F722_Heli:R_0402_1005Metric,top,SMT candidate,https://jlcpcb.com/partdetail/YAGEO-RT0402BRD0710KL/C190095,,Exact identity retained; current stock and factory assembly acceptance not checked
R56,1,100k / 1%,UNI-ROYAL (Uniroyal Elec),0402WGF1003TCE,C25741,F722_Heli:R_0402_1005Metric,bottom,SMT candidate,https://jlcpcb.com/partdetail/26484-0402WGF1003TCE/C25741,,Exact identity retained; current stock and factory assembly acceptance not checked
R57,1,100k / 1%,UNI-ROYAL (Uniroyal Elec),0402WGF1003TCE,C25741,F722_Heli:R_0402_1005Metric,bottom,SMT candidate,https://jlcpcb.com/partdetail/26484-0402WGF1003TCE/C25741,,Exact identity retained; current stock and factory assembly acceptance not checked
R58,1,47k / 1%,UNI-ROYAL (Uniroyal Elec),0402WGF4702TCE,C25792,F722_Heli:R_0402_1005Metric,bottom,SMT candidate,https://jlcpcb.com/partdetail/26535-0402WGF4702TCE/C25792,,Exact identity retained; current stock and factory assembly acceptance not checked
R60,1,18.0k / 0.1%,YAGEO,RT0402BRD0718KL,C852579,F722_Heli:R_0402_1005Metric,bottom,SMT candidate,https://jlcpcb.com/partdetail/YAGEO-RT0402BRD0718KL/C852579,,Exact identity retained; current stock and factory assembly acceptance not checked
R61,1,10.0k / 0.1%,YAGEO,RT0402BRD0710KL,C190095,F722_Heli:R_0402_1005Metric,bottom,SMT candidate,https://jlcpcb.com/partdetail/YAGEO-RT0402BRD0710KL/C190095,,Exact identity retained; current stock and factory assembly acceptance not checked
R62,1,12.7k / 0.1%,YAGEO,RT0402BRD0712K7L,C852509,F722_Heli:R_0402_1005Metric,top,SMT candidate,https://jlcpcb.com/partdetail/YAGEO-RT0402BRD0712K7L/C852509,,Exact identity retained; current stock and factory assembly acceptance not checked
R63,1,10.0k / 0.1%,YAGEO,RT0402BRD0710KL,C190095,F722_Heli:R_0402_1005Metric,top,SMT candidate,https://jlcpcb.com/partdetail/YAGEO-RT0402BRD0710KL/C190095,,Exact identity retained; current stock and factory assembly acceptance not checked
R64,1,10k / 1%,UNI-ROYAL (Uniroyal Elec),0402WGF1002TCE,C25744,F722_Heli:R_0402_1005Metric,bottom,SMT candidate,https://jlcpcb.com/partdetail/26487-0402WGF1002TCE/C25744,,Exact identity retained; current stock and factory assembly acceptance not checked
R65,1,330k / 1%,UNI-ROYAL (Uniroyal Elec),0402WGF3303TCE,C25778,F722_Heli:R_0402_1005Metric,top,SMT candidate,https://jlcpcb.com/partdetail/26521-0402WGF3303TCE/C25778,,Exact identity retained; current stock and factory assembly acceptance not checked
R66,1,80.6k / 1%,UNI-ROYAL (Uniroyal Elec),0402WGF8062TCE,C25921,F722_Heli:R_0402_1005Metric,bottom,SMT candidate,https://jlcpcb.com/partdetail/26664-0402WGF8062TCE/C25921,,Exact identity retained; current stock and factory assembly acceptance not checked
R67,1,66.5k / 1%,UNI-ROYAL (Uniroyal Elec),0402WGF6652TCE,C29381,F722_Heli:R_0402_1005Metric,bottom,SMT candidate,https://jlcpcb.com/partdetail/30135-0402WGF6652TCE/C29381,,Exact identity retained; current stock and factory assembly acceptance not checked
R68,1,1k / 1%,UNI-ROYAL (Uniroyal Elec),0402WGF1001TCE,C11702,F722_Heli:R_0402_1005Metric,top,SMT candidate,https://jlcpcb.com/partdetail/12256-0402WGF1001TCE/C11702,,Exact identity retained; current stock and factory assembly acceptance not checked
R69,1,10k / 1%,UNI-ROYAL (Uniroyal Elec),0402WGF1002TCE,C25744,F722_Heli:R_0402_1005Metric,bottom,SMT candidate,https://jlcpcb.com/partdetail/26487-0402WGF1002TCE/C25744,,Exact identity retained; current stock and factory assembly acceptance not checked
R70,1,45.3k / 1%,UNI-ROYAL (Uniroyal Elec),0402WGF4532TCE,C26980,F722_Heli:R_0402_1005Metric,bottom,SMT candidate,https://jlcpcb.com/partdetail/27729-0402WGF4532TCE/C26980,,Exact identity retained; current stock and factory assembly acceptance not checked
R71,1,100k / 1% / ROM RX idle,UNI-ROYAL (Uniroyal Elec),0402WGF1003TCE,C25741,F722_Heli:R_0402_1005Metric,bottom,SMT candidate,https://jlcpcb.com/partdetail/26484-0402WGF1003TCE/C25741,,Exact identity retained; current stock and factory assembly acceptance not checked
SW1,1,BOOT / KMT031NGJLHS,C&K,KMT031NGJLHS,C221708,F722_Heli:CK_KMT031NGJLHS,bottom,SMT candidate,https://jlcpcb.com/partdetail/C221708,https://www.farnell.com/datasheets/2969021.pdf,Exact identity retained; current stock and factory assembly acceptance not checked
U1,1,STM32F722RET6,STMicroelectronics,STM32F722RET6,C118207,F722_Heli:LQFP-64_10x10mm_P0.5mm,bottom,SMT candidate,https://jlcpcb.com/partdetail/Stmicroelectronics-STM32F722RET6/C118207,https://www.st.com/resource/en/datasheet/stm32f722re.pdf,Exact identity retained; current stock and factory assembly acceptance not checked
U2,1,ICM-42688-P,TDK InvenSense,ICM-42688-P,C1850418,F722_Heli:LGA-14_3x2.5mm_P0.5mm_LayoutBorder3x4y,top,SMT candidate,https://jlcpcb.com/partdetail/ICM-42688-P/C1850418,https://product.tdk.com/system/files/dam/doc/product/sensor/mortion-inertial/imu/data_sheet/ds-000347-icm-42688-p-v1.6.pdf,Exact identity retained; current stock and factory assembly acceptance not checked
U3,1,W25N01GVZEIG / 128MiB,Winbond,W25N01GVZEIG,C88868,F722_Heli:WSON-8-1EP_8x6mm_P1.27mm_EP3.4x4.3mm,bottom,SMT candidate,https://jlcpcb.com/partdetail/W25N01GVZEIG/C88868,https://www.mouser.com/pdfDocs/W25N01GV_DS.pdf,Exact identity retained; current stock and factory assembly acceptance not checked
U4,1,DPS368XTSA1 / 0x76,Infineon Technologies,DPS368XTSA1,C3232508,F722_Heli:Infineon_DPS368_VLGA-8_2.5x2mm_SMD,bottom,SMT candidate,https://jlcpcb.com/partdetail/InfineonTechnologies-DPS368XTSA1/C3232508,https://www.infineon.com/assets/row/public/documents/24/49/infineon-dps368-datasheet-en.pdf,Exact identity retained; current stock and factory assembly acceptance not checked
U5,1,TPS259472ARPWR,Texas Instruments,TPS259472ARPWR,C3662789,F722_Heli:Texas_RPW0010A_TPS259472_2x2mm,top,SMT candidate,https://jlcpcb.com/partdetail/C3662789,https://www.ti.com/lit/ds/symlink/tps25947.pdf,Exact identity retained; current stock and factory assembly acceptance not checked
U6,1,TPS63070RNMR / nominal 5.088V,Texas Instruments,TPS63070RNMR,C109322,F722_Heli:Texas_RNM0015A_TPS63070_2.5x3mm,top,SMT candidate,https://jlcpcb.com/partdetail/C109322,https://www.ti.com/lit/ds/symlink/tps63070.pdf,Exact identity retained; current stock and factory assembly acceptance not checked
U7,1,TPS2117DRLR / ABC priority mux,Texas Instruments,TPS2117DRLR,C22399676,F722_Heli:SOT-583-8,bottom,SMT candidate,https://jlcpcb.com/partdetail/C22399676,https://www.ti.com/lit/ds/symlink/tps2117.pdf,Exact identity retained; current stock and factory assembly acceptance not checked
U8,1,TPS2121RUXR / BEC-priority core mux,Texas Instruments,TPS2121RUXR,C485916,F722_Heli:Texas_RUX0012A_TPS2121_2x2.5mm,bottom,SMT candidate,https://jlcpcb.com/partdetail/C485916,https://www.ti.com/lit/ds/symlink/tps2121.pdf,Exact identity retained; current stock and factory assembly acceptance not checked
U9,1,TPS62162DSGR / 3.3V 1A,Texas Instruments,TPS62162DSGR,C40256,F722_Heli:Texas_DSG0008A_TPS62162_2x2mm_EP0.9x1.6mm,bottom,SMT candidate,https://jlcpcb.com/partdetail/C40256,https://www.ti.com/lit/ds/symlink/tps62160.pdf,Exact identity retained; current stock and factory assembly acceptance not checked
U10,1,TPS2553DRVR / USB input limit,Texas Instruments,TPS2553DRVR,C138719,F722_Heli:Texas_DRV0006A_TPS2553_2x2mm_EP1x1.6mm,bottom,SMT candidate,https://jlcpcb.com/partdetail/C138719,https://www.ti.com/lit/ds/symlink/tps2553.pdf,Exact identity retained; current stock and factory assembly acceptance not checked
U11,1,TPS2553DRVR / DSM output limit,Texas Instruments,TPS2553DRVR,C138719,F722_Heli:Texas_DRV0006A_TPS2553_2x2mm_EP1x1.6mm,bottom,SMT candidate,https://jlcpcb.com/partdetail/C138719,https://www.ti.com/lit/ds/symlink/tps2553.pdf,Exact identity retained; current stock and factory assembly acceptance not checked
U12,1,USBLC6-4SC6 / header clamp,STMicroelectronics,USBLC6-4SC6,C111212,F722_Heli:SOT-23-6,top,SMT candidate,https://jlcpcb.com/partdetail/Stmicroelectronics-USBLC64SC6/C111212,https://www.st.com/resource/en/datasheet/usblc6-4.pdf,Exact identity retained; current stock and factory assembly acceptance not checked
U13,1,USBLC6-4SC6 / header clamp,STMicroelectronics,USBLC6-4SC6,C111212,F722_Heli:SOT-23-6,bottom,SMT candidate,https://jlcpcb.com/partdetail/Stmicroelectronics-USBLC64SC6/C111212,https://www.st.com/resource/en/datasheet/usblc6-4.pdf,Exact identity retained; current stock and factory assembly acceptance not checked
U14,1,TPD4E05U06DQAR / UART ESD,Texas Instruments,TPD4E05U06DQAR,C138714,F722_Heli:Texas_DQA0010B_TPD4E05U06_2.5x1mm,top,SMT candidate,https://jlcpcb.com/partdetail/C138714,https://www.ti.com/lit/ds/symlink/tpd4e05u06.pdf,Exact identity retained; current stock and factory assembly acceptance not checked
U15,1,TPD4E05U06DQAR / UART ESD,Texas Instruments,TPD4E05U06DQAR,C138714,F722_Heli:Texas_DQA0010B_TPD4E05U06_2.5x1mm,top,SMT candidate,https://jlcpcb.com/partdetail/C138714,https://www.ti.com/lit/ds/symlink/tpd4e05u06.pdf,Exact identity retained; current stock and factory assembly acceptance not checked
U16,1,"PESD15VS2UT,215 / 15V ESD",Nexperia,"PESD15VS2UT,215",C282556,F722_Heli:SOT-23,top,SMT candidate,https://jlcpcb.com/partdetail/C282556,https://assets.nexperia.com/documents/data-sheet/PESD15VS2UT.pdf,Exact identity retained; current stock and factory assembly acceptance not checked
Y1,1,8MHz / CL10pF / TAXM8M4RDBCCT2T,Yajingxin (YJX),TAXM8M4RDBCCT2T,C400090,F722_Heli:Crystal_SMD_3225-4Pin_3.2x2.5mm,bottom,SMT candidate,https://jlcpcb.com/partdetail/TAXM8M4RDBCCT2T/C400090,https://datasheet.lcsc.com/lcsc/1912111437_Yajingxin-TAXM8M4RDBCCT2T_C400090.pdf,Exact identity retained; current stock and factory assembly acceptance not checked
