Designator,Quantity,Value,Manufacturer,MPN,Footprint,LCSC Part #,Notes
"C1,C2,C3,C4,C6,C9,C10,C12,C14,C16,C17,C58",12,100nF / 16V / X7R,Samsung Electro-Mechanics,CL05B104KO5NNNC,F722_Heli:C_0402_1005Metric,C1525,Exact identity retained; current stock and factory assembly acceptance not checked
C5,1,4.7uF / 10V / X5R,Samsung Electro-Mechanics,CL10A475KP8NNNC,F722_Heli:C_0603_1608Metric,C1705,Exact identity retained; current stock and factory assembly acceptance not checked
"C7,C61,C68,C70",4,4.7uF / 10V / X7R,Murata,GRM188Z71A475KE15D,F722_Heli:C_0603_1608Metric,C913474,Exact identity retained; current stock and factory assembly acceptance not checked
"C8,C60",2,2.2uF / 10V / X7R(Murata),Murata,GRM155Z71A225KE44D,F722_Heli:Murata_GRM155Z71A225KE44_0402,C2999759,Exact identity retained; current stock and factory assembly acceptance not checked
C11,1,10nF / 16V / X7R,Samsung Electro-Mechanics,CL05B103KO5NNNC,F722_Heli:C_0402_1005Metric,C318577,Exact identity retained; current stock and factory assembly acceptance not checked
C13,1,2.2uF / 10V / X7R,Samsung Electro-Mechanics,CL10B225KP8NNNC,F722_Heli:C_0603_1608Metric,C100082,Exact identity retained; current stock and factory assembly acceptance not checked
"C15,C59,C65,C69",4,1uF / 10V / X7R,Samsung Electro-Mechanics,CL10B105KP8NNNC,F722_Heli:C_0603_1608Metric,C95843,Exact identity retained; current stock and factory assembly acceptance not checked
"C18,C19",2,15pF / 50V / C0G,Samsung Electro-Mechanics,CL05C150JB5NNNC,F722_Heli:C_0402_1005Metric,C86285,Exact identity retained; current stock and factory assembly acceptance not checked
C20,1,1uF / 16V / X7R,Samsung Electro-Mechanics,CL10B105KO8NNNC,F722_Heli:C_0603_1608Metric,C59782,Exact identity retained; current stock and factory assembly acceptance not checked
"C30,C31",2,220nF / 16V / X7R,Samsung Electro-Mechanics,CL05B224KO5NNNC,F722_Heli:C_0402_1005Metric,C16772,Exact identity retained; current stock and factory assembly acceptance not checked
C50,1,3.3nF / 50V / C0G,Murata,GRM1555C1H332JE01D,F722_Heli:C_0402_1005Metric,C1518207,Exact identity retained; current stock and factory assembly acceptance not checked
"C51,C52,C64,C74",4,1uF / 25V / X7R,Samsung Electro-Mechanics,CL10B105KA8NNNC,F722_Heli:C_0603_1608Metric,C29936,Exact identity retained; current stock and factory assembly acceptance not checked
"C53,C54,C66,C71",4,22uF / 25V / X5R,Murata,GRM21BR61E226ME44L,F722_Heli:C_0805_2012Metric,C86816,Exact identity retained; current stock and factory assembly acceptance not checked
"C55,C56,C57,C75",4,47uF / 10V / X5R,Murata,GRM21BR61A476ME15L,F722_Heli:C_0805_2012Metric,C124129,Exact identity retained; current stock and factory assembly acceptance not checked
C62,1,100nF / 25V / X7R,Samsung Electro-Mechanics,CL05B104KA5NNNC,F722_Heli:C_0402_1005Metric,C155422,Exact identity retained; current stock and factory assembly acceptance not checked
C63,1,1nF / 50V / C0G,Samsung Electro-Mechanics,CL05C102JB5NNNC,F722_Heli:C_0402_1005Metric,C307441,Exact identity retained; current stock and factory assembly acceptance not checked
C67,1,22uF / 10V / X7R,Murata,GRM21BZ71A226ME15L,F722_Heli:C_0805_2012Metric,C907991,Exact identity retained; current stock and factory assembly acceptance not checked
"C72,C73",2,10uF / 25V / X5R / HF,Taiyo Yuden,TMK107BBJ106MA-T,F722_Heli:C_0603_1608Metric,C386081,Exact identity retained; current stock and factory assembly acceptance not checked
D1,1,GREEN,Hubei KENTO Elec,KT-0603YG,F722_Heli:LED_0603_1608Metric,C2289,Exact identity retained; current stock and factory assembly acceptance not checked
D2,1,RED,Hubei KENTO Elec,KT-0603R,F722_Heli:LED_0603_1608Metric,C2286,Exact identity retained; current stock and factory assembly acceptance not checked
"D3,D4,D5,D6,D7",5,ESD9M5.0ST5G,onsemi,ESD9M5.0ST5G,F722_Heli:D_SOD-923,C242267,Exact identity retained; current stock and factory assembly acceptance not checked
D8,1,SMF5.0A / transient only,Littelfuse,SMF5.0A,F722_Heli:Littelfuse_SMF_SOD123FL,C151296,Exact identity retained; current stock and factory assembly acceptance not checked
D9,1,SMF15CA / bidirectional,Littelfuse,SMF15CA,F722_Heli:Littelfuse_SMF_SOD123FL,C1851361,Exact identity retained; current stock and factory assembly acceptance not checked
"FB1,FB2",2,600R@100MHz / 0.3A,Murata,BLM15AG601SN1D,F722_Heli:Murata_BLM15AG_0402,C76884,Exact identity retained; current stock and factory assembly acceptance not checked
J1,1,USB4145-03-0170-C,GCT,USB4145-03-0170-C,F722_Heli:USB_C_Receptacle_GCT_USB4145-03-0170-C_16P_Vertical,C5181332,GCT vertical USB; mixed SMT/PTH; machine CPL covers placement only; solder all four plated shell slots; no shell paste; factory process/pickup/orientation approval required
J2,1,S1 / GND-VX-S,Samtec,HTSW-101-08-L-T-RA,F722_Heli:Samtec_HTSW-101-08-L-T-RA_TripleRow_OpenEdgeSilk,,Samtec exact HTSW-101-08-L-T-RA; no LCSC code; separate procurement and THT/manual assembly required; confirm actual supply and assembler handling
J3,1,S2 / GND-VX-S,Samtec,HTSW-101-08-L-T-RA,F722_Heli:Samtec_HTSW-101-08-L-T-RA_TripleRow_OpenEdgeSilk,,Samtec exact HTSW-101-08-L-T-RA; no LCSC code; separate procurement and THT/manual assembly required; confirm actual supply and assembler handling
J4,1,S3 / GND-VX-S,Samtec,HTSW-101-08-L-T-RA,F722_Heli:Samtec_HTSW-101-08-L-T-RA_TripleRow_OpenEdgeSilk,,Samtec exact HTSW-101-08-L-T-RA; no LCSC code; separate procurement and THT/manual assembly required; confirm actual supply and assembler handling
J5,1,TAIL / GND-VX-S,Samtec,HTSW-101-08-L-T-RA,F722_Heli:Samtec_HTSW-101-08-L-T-RA_TripleRow_OpenEdgeSilk,,Samtec exact HTSW-101-08-L-T-RA; no LCSC code; separate procurement and THT/manual assembly required; confirm actual supply and assembler handling
J6,1,ESC / GND-VX-S,Samtec,HTSW-101-08-L-T-RA,F722_Heli:Samtec_HTSW-101-08-L-T-RA_TripleRow_OpenEdgeSilk,,Samtec exact HTSW-101-08-L-T-RA; no LCSC code; separate procurement and THT/manual assembly required; confirm actual supply and assembler handling
J7,1,RPM / GND-VX-S,Samtec,HTSW-101-08-L-T-RA,F722_Heli:Samtec_HTSW-101-08-L-T-RA_TripleRow_OpenEdgeSilk,,Samtec exact HTSW-101-08-L-T-RA; no LCSC code; separate procurement and THT/manual assembly required; confirm actual supply and assembler handling
J8,1,SBUS / GND-VX-S,Samtec,HTSW-101-08-L-T-RA,F722_Heli:Samtec_HTSW-101-08-L-T-RA_TripleRow_OpenEdgeSilk,,Samtec exact HTSW-101-08-L-T-RA; no LCSC code; separate procurement and THT/manual assembly required; confirm actual supply and assembler handling
J9,1,PORT A / JST GH,JST,BM04B-GHS-TBT(LF)(SN),F722_Heli:JST_GH_BM04B-GHS-TBT_1x04-1MP_P1.25mm_Vertical,C161692,Exact identity retained; current stock and factory assembly acceptance not checked
J10,1,PORT B / JST GH,JST,BM04B-GHS-TBT(LF)(SN),F722_Heli:JST_GH_BM04B-GHS-TBT_1x04-1MP_P1.25mm_Vertical,C161692,Exact identity retained; current stock and factory assembly acceptance not checked
J11,1,PORT C / JST GH,JST,BM04B-GHS-TBT(LF)(SN),F722_Heli:JST_GH_BM04B-GHS-TBT_1x04-1MP_P1.25mm_Vertical,C161692,Exact identity retained; current stock and factory assembly acceptance not checked
J12,1,DSM / JST ZH,JST,B3B-ZR-SM4-TF(LF)(SN),F722_Heli:JST_ZH_B3B-ZR-SM4-TF_1x03-1MP_P1.50mm_Vertical,C489717,Exact identity retained; current stock and factory assembly acceptance not checked
L1,1,1.5uH / XGL4020-152MEC,Coilcraft,XGL4020-152MEC,F722_Heli:Coilcraft_XGL4020,C7417180,Exact identity retained; current stock and factory assembly acceptance not checked
L2,1,3.3uH / DFE322512F,Murata,DFE322512F-3R3M=P2,F722_Heli:Murata_DFE322512F,C3221010,Exact identity retained; current stock and factory assembly acceptance not checked
"Q1,Q2",2,BSS138LT1G,onsemi,BSS138LT1G,F722_Heli:SOT-23,C82045,Exact identity retained; current stock and factory assembly acceptance not checked
"R1,R3,R4,R6,R64,R69",6,10k / 1%,UNI-ROYAL (Uniroyal Elec),0402WGF1002TCE,F722_Heli:R_0402_1005Metric,C25744,Exact identity retained; current stock and factory assembly acceptance not checked
"R2,R10,R11",3,2.2k / 1%,UNI-ROYAL (Uniroyal Elec),0402WGF2201TCE,F722_Heli:R_0402_1005Metric,C25879,Exact identity retained; current stock and factory assembly acceptance not checked
R5,1,10k / 1%,UNI-ROYAL (Uniroyal Elec),0402WGF1002TCE,F722_Heli:R_0402_1005Metric_R5_ClearPin1Silk,C25744,Exact identity retained; current stock and factory assembly acceptance not checked
"R7,R8,R36,R37",4,4.7k / 1%,UNI-ROYAL (Uniroyal Elec),0402WGF4701TCE,F722_Heli:R_0402_1005Metric,C25900,Exact identity retained; current stock and factory assembly acceptance not checked
R9,1,0R / drive tuning,UNI-ROYAL (Uniroyal Elec),0402WGF0000TCE,F722_Heli:R_0402_1005Metric,C17168,Exact identity retained; current stock and factory assembly acceptance not checked
"R14,R15",2,5.1k / 1%,UNI-ROYAL (Uniroyal Elec),0402WGF5101TCE,F722_Heli:R_0402_1005Metric,C25905,Exact identity retained; current stock and factory assembly acceptance not checked
R16,1,0.12R / 1% / VCAP ESR,Panasonic,ERJ3RSFR12V,F722_Heli:R_Panasonic_ERJ3R_0603,C4059772,HOLD: exact ERJ3RSFR12V/C4059772; assembly supply pending confirmation/private-stock route; no substitute; installed R16/C7/copper-loop qualification pending
"R20,R21,R22,R23,R24,R25,R26",7,470R / 1% / 0.20W,Panasonic,ERJPA2F4700X,F722_Heli:Panasonic_ERJPA2_0402,C427238,Exact identity retained; current stock and factory assembly acceptance not checked
"R30,R32,R33,R34,R35,R38",6,22R / 1%,UNI-ROYAL (Uniroyal Elec),0402WGF220JTCE,F722_Heli:R_0402_1005Metric,C25092,Exact identity retained; current stock and factory assembly acceptance not checked
R31,1,22R / 1%,YAGEO,AC0201FR-0722RL,F722_YAGEO:R_0201_0603Metric_YAGEO_AC,C144830,YAGEO AC0201FR-0722RL/C144830; 0201; 0.05 W (50 mW); do not substitute former larger-package rating
"R39,R45",2,220R / 1%,UNI-ROYAL (Uniroyal Elec),0402WGF2200TCE,F722_Heli:R_0402_1005Metric,C25091,Exact identity retained; current stock and factory assembly acceptance not checked
R40,1,105k / 0.1%,Viking Tech,ARG02BTC1053,F722_Heli:R_0402_1005Metric,C2984407,Exact identity retained; current stock and factory assembly acceptance not checked
R41,1,20.0k / 0.1%,YAGEO,RT0402BRD0720KL,F722_Heli:R_0402_1005Metric,C705630,Exact identity retained; current stock and factory assembly acceptance not checked
R42,1,68.0k / 0.1%,Viking Tech,ARG02BTC6802,F722_Heli:R_0402_1005Metric,C5266108,Exact identity retained; current stock and factory assembly acceptance not checked
"R43,R44",2,16.0k / 0.1%,YAGEO,RT0402BRD0716KL,F722_Heli:R_0402_1005Metric,C513647,Exact identity retained; current stock and factory assembly acceptance not checked
R50,1,1.5M / 1%,UNI-ROYAL (Uniroyal Elec),0402WGF1504TCE,F722_Heli:R_0402_1005Metric,C22276,Exact identity retained; current stock and factory assembly acceptance not checked
R51,1,390k / 1%,UNI-ROYAL (Uniroyal Elec),0402WGF3903TCE,F722_Heli:R_0402_1005Metric,C25782,Exact identity retained; current stock and factory assembly acceptance not checked
R52,1,750R / 1%,UNI-ROYAL (Uniroyal Elec),0402WGF7500TCE,F722_Heli:R_0402_1005Metric,C25132,Exact identity retained; current stock and factory assembly acceptance not checked
R53,1,4.7k / 1%,Panasonic,ERJPA2F4701X,F722_Heli:Panasonic_ERJPA2_0402,C427244,Exact identity retained; current stock and factory assembly acceptance not checked
R54,1,53.6k / 0.1%,YAGEO,RT0402BRD0753K6L,F722_Heli:R_0402_1005Metric,C852835,Exact identity retained; current stock and factory assembly acceptance not checked
"R55,R61,R63",3,10.0k / 0.1%,YAGEO,RT0402BRD0710KL,F722_Heli:R_0402_1005Metric,C190095,Exact identity retained; current stock and factory assembly acceptance not checked
"R56,R57",2,100k / 1%,UNI-ROYAL (Uniroyal Elec),0402WGF1003TCE,F722_Heli:R_0402_1005Metric,C25741,Exact identity retained; current stock and factory assembly acceptance not checked
R58,1,47k / 1%,UNI-ROYAL (Uniroyal Elec),0402WGF4702TCE,F722_Heli:R_0402_1005Metric,C25792,Exact identity retained; current stock and factory assembly acceptance not checked
R60,1,18.0k / 0.1%,YAGEO,RT0402BRD0718KL,F722_Heli:R_0402_1005Metric,C852579,Exact identity retained; current stock and factory assembly acceptance not checked
R62,1,12.7k / 0.1%,YAGEO,RT0402BRD0712K7L,F722_Heli:R_0402_1005Metric,C852509,Exact identity retained; current stock and factory assembly acceptance not checked
R65,1,330k / 1%,UNI-ROYAL (Uniroyal Elec),0402WGF3303TCE,F722_Heli:R_0402_1005Metric,C25778,Exact identity retained; current stock and factory assembly acceptance not checked
R66,1,80.6k / 1%,UNI-ROYAL (Uniroyal Elec),0402WGF8062TCE,F722_Heli:R_0402_1005Metric,C25921,Exact identity retained; current stock and factory assembly acceptance not checked
R67,1,66.5k / 1%,UNI-ROYAL (Uniroyal Elec),0402WGF6652TCE,F722_Heli:R_0402_1005Metric,C29381,Exact identity retained; current stock and factory assembly acceptance not checked
R68,1,1k / 1%,UNI-ROYAL (Uniroyal Elec),0402WGF1001TCE,F722_Heli:R_0402_1005Metric,C11702,Exact identity retained; current stock and factory assembly acceptance not checked
R70,1,45.3k / 1%,UNI-ROYAL (Uniroyal Elec),0402WGF4532TCE,F722_Heli:R_0402_1005Metric,C26980,Exact identity retained; current stock and factory assembly acceptance not checked
R71,1,100k / 1% / ROM RX idle,UNI-ROYAL (Uniroyal Elec),0402WGF1003TCE,F722_Heli:R_0402_1005Metric,C25741,Exact identity retained; current stock and factory assembly acceptance not checked
SW1,1,BOOT / KMT031NGJLHS,C&K,KMT031NGJLHS,F722_Heli:CK_KMT031NGJLHS,C221708,Exact identity retained; current stock and factory assembly acceptance not checked
U1,1,STM32F722RET6,STMicroelectronics,STM32F722RET6,F722_Heli:LQFP-64_10x10mm_P0.5mm,C118207,Exact identity retained; current stock and factory assembly acceptance not checked
U2,1,ICM-42688-P,TDK InvenSense,ICM-42688-P,F722_Heli:LGA-14_3x2.5mm_P0.5mm_LayoutBorder3x4y,C1850418,Exact identity retained; current stock and factory assembly acceptance not checked
U3,1,W25N01GVZEIG / 128MiB,Winbond,W25N01GVZEIG,F722_Heli:WSON-8-1EP_8x6mm_P1.27mm_EP3.4x4.3mm,C88868,Exact identity retained; current stock and factory assembly acceptance not checked
U4,1,DPS368XTSA1 / 0x76,Infineon Technologies,DPS368XTSA1,F722_Heli:Infineon_DPS368_VLGA-8_2.5x2mm_SMD,C3232508,Exact identity retained; current stock and factory assembly acceptance not checked
U5,1,TPS259472ARPWR,Texas Instruments,TPS259472ARPWR,F722_Heli:Texas_RPW0010A_TPS259472_2x2mm,C3662789,Exact identity retained; current stock and factory assembly acceptance not checked
U6,1,TPS63070RNMR / nominal 5.088V,Texas Instruments,TPS63070RNMR,F722_Heli:Texas_RNM0015A_TPS63070_2.5x3mm,C109322,Exact identity retained; current stock and factory assembly acceptance not checked
U7,1,TPS2117DRLR / ABC priority mux,Texas Instruments,TPS2117DRLR,F722_Heli:SOT-583-8,C22399676,Exact identity retained; current stock and factory assembly acceptance not checked
U8,1,TPS2121RUXR / BEC-priority core mux,Texas Instruments,TPS2121RUXR,F722_Heli:Texas_RUX0012A_TPS2121_2x2.5mm,C485916,Exact identity retained; current stock and factory assembly acceptance not checked
U9,1,TPS62162DSGR / 3.3V 1A,Texas Instruments,TPS62162DSGR,F722_Heli:Texas_DSG0008A_TPS62162_2x2mm_EP0.9x1.6mm,C40256,Exact identity retained; current stock and factory assembly acceptance not checked
U10,1,TPS2553DRVR / USB input limit,Texas Instruments,TPS2553DRVR,F722_Heli:Texas_DRV0006A_TPS2553_2x2mm_EP1x1.6mm,C138719,Exact identity retained; current stock and factory assembly acceptance not checked
U11,1,TPS2553DRVR / DSM output limit,Texas Instruments,TPS2553DRVR,F722_Heli:Texas_DRV0006A_TPS2553_2x2mm_EP1x1.6mm,C138719,Exact identity retained; current stock and factory assembly acceptance not checked
"U12,U13",2,USBLC6-4SC6 / header clamp,STMicroelectronics,USBLC6-4SC6,F722_Heli:SOT-23-6,C111212,Exact identity retained; current stock and factory assembly acceptance not checked
"U14,U15",2,TPD4E05U06DQAR / UART ESD,Texas Instruments,TPD4E05U06DQAR,F722_Heli:Texas_DQA0010B_TPD4E05U06_2.5x1mm,C138714,Exact identity retained; current stock and factory assembly acceptance not checked
U16,1,"PESD15VS2UT,215 / 15V ESD",Nexperia,"PESD15VS2UT,215",F722_Heli:SOT-23,C282556,Exact identity retained; current stock and factory assembly acceptance not checked
Y1,1,8MHz / CL10pF / TAXM8M4RDBCCT2T,Yajingxin (YJX),TAXM8M4RDBCCT2T,F722_Heli:Crystal_SMD_3225-4Pin_3.2x2.5mm,C400090,Exact identity retained; current stock and factory assembly acceptance not checked
